3,1,104,100,4
1.84497,0.802412,1.34088,0.856783,1.17176,0.883317,0.0202135,0.624688,-0.243623,-0.081132,-1.23528,0.382462,0.17002,0.490636,-0.335504,0.722863,1.09926,0.937123,0.892855,-1.12284,-0.137162,0.183634,-0.510769,0.0338648,0.929283,-1.02875,-1.20155,0.530156,0.201769,-0.931351,-0.466829,-0.79444,-0.603191,0.572908,0.0784987,0.161033,0.342258,-0.265107,-0.201684,-0.0168393,-0.980097,-1.24955,0.235317,1.85694,-0.0667832,0.500672,-1.07225,-0.0758909,0.56933,0.00933281,-0.986764,-0.24312,0.677807,0.0827703,-0.00328077,-0.959834,0.0828877,-0.796275,-0.0754537,0.904892,0.473013,0.546864,0.511175,-1.13124,0.346152,1.15533,0.951094,-0.0402184,0.821946,0.256625,0.339739,-0.890958,-0.262786,0.129639,0.454045,-0.580084,-0.369605,0.971675,1.20903,2.051,0.665192,0.0415215,0.16141,2.52158,0.110136,0.473852,0.779554,1.122,-0.238477,-0.367092,0.176655,-1.43815,-1.06683,0.593463,-1.26305,-0.73811,-1.72006,-0.345703,0.460873,-0.121751,2.37163,-5.46648,-3.88968,4.26572
0.657816,-0.558445,-2.38164,-0.883269,0.486061,-1.27312,0.696403,0.658761,1.01663,-0.114834,-1.42994,1.0291,-0.0817033,0.335126,0.785861,-0.800206,-0.538808,1.29478,-0.742632,1.00505,-0.877055,-1.32874,0.357399,-0.019225,0.237845,-0.0885344,1.36379,0.868355,-2.15855,-0.725249,1.19707,-1.79596,-0.170782,-1.95846,1.52476,-2.14601,-0.113652,2.14333,0.711502,-2.01455,0.172909,-1.2085,0.968596,2.50644,0.629479,0.0156081,-0.385871,-2.53439,1.56453,-1.23441,0.367047,-1.75535,1.09817,-0.807823,-0.148553,1.55216,0.366182,-0.772848,2.47552,-2.19446,-0.262094,1.49996,0.473873,3.23974,-0.757778,0.899539,-0.478198,-1.16751,-0.682537,0.894432,0.0345188,-1.05898,0.157289,-2.41647,-0.725636,0.863573,-0.493547,2.3309,2.33002,-0.714014,1.17875,2.34209,-0.720784,-1.0066,0.514795,-0.304978,-1.19837,1.81431,-0.664228,-0.093056,-0.207217,-0.814542,2.00526,-2.1318,0.198571,1.14657,0.907888,1.01036,0.306355,0.388745,-1.12555,0.247127,0.901482,0.444244
0.303401,0.614421,1.1202,1.09956,-0.648716,1.67791,-0.44751,-0.0855419,-1.27689,-0.791803,-0.817209,-1.00843,-0.534415,-1.01292,-0.703988,-1.05239,-1.52646,-0.129468,-2.73521,-1.13377,0.877598,-0.618537,-0.32618,-0.213154,-0.775855,-0.479887,-0.582264,-0.66305,-0.383312,0.550298,-0.0945226,0.0396772,-0.0661419,-0.0545686,0.700751,0.410804,0.275968,0.762732,-0.364083,-0.445186,-0.507294,0.103504,-0.329364,-0.417067,0.864282,-2.73781,2.08204,-0.684665,0.551266,0.743646,0.020268,-0.502197,0.277057,-1.76014,-0.958918,-1.23744,-0.373591,-0.9963,0.551884,-0.169322,-0.341995,-0.317643,-0.864231,0.8568,-0.926596,0.0670263,-0.898989,-0.438218,0.23454,0.505311,-0.0588069,-0.154206,-1.98445,-1.42664,-0.807216,-0.481028,-1.54837,0.441022,0.0388286,0.555718,-0.879485,2.36336,-0.676584,0.194052,-0.504224,-0.419343,-0.0290087,0.76207,0.17363,0.806028,0.924486,0.147704,1.17807,-0.370175,0.209763,0.646535,1.30055,0.134989,1.50948,-0.031216,-0.502426,0.156486,-3.42082,-0.429723
-0.0435489,0.193928,1.6091,0.86158,-1.63051,0.390716,0.743484,-0.256122,0.497075,-1.15099,-0.286492,0.275575,-0.630649,-0.950056,-0.373042,0.316784,-0.839579,0.649582,-1.40914,-0.631463,1.7436,-0.516579,-1.31927,1.18355,-0.950213,0.15734,-0.82797,-0.757617,-0.914239,-0.0786277,0.982601,-0.274282,0.0725942,-0.479671,-0.907078,-0.886192,0.70662,-0.497619,0.270506,-0.248168,-0.393188,-0.665442,0.559999,1.39965,0.863683,-0.843927,-0.613432,-1.52636,-0.436229,0.634504,0.0590432,-0.932025,0.487668,0.889638,1.35241,-0.326861,0.975826,0.499732,-0.756994,0.350556,-0.332545,-1.14246,0.126667,-0.5808,-1.65518,-0.773532,0.413428,-0.408717,0.0391463,0.666119,-0.30431,-0.0816238,-0.634312,0.226801,-1.10847,-0.605389,0.519998,-0.788292,0.571719,0.626944,1.39978,-0.347525,0.672817,1.80015,1.87704,-1.06223,-1.20734,-1.0755,-0.543238,0.126417,1.12324,-0.317681,0.907332,1.28615,-0.934769,-1.40246,-0.337086,-1.84535,-0.744312,-0.534037,-1.04373,-0.732422,1.33739,-0.237167
-0.204309,-0.590603,-1.89957,-0.940998,-1.48136,0.797739,-1.25151,-1.5399,-1.98507,0.622028,-1.0187,1.15705,0.820191,-0.788803,-0.957138,-0.452666,0.206977,0.598818,0.916411,0.200066,0.349423,0.794458,-1.26189,0.0819151,-0.296315,-1.08383,0.612426,0.618438,0.00474389,1.23112,0.145966,1.0757,0.908807,0.454329,-0.748615,1.3685,1.42135,0.961981,0.730853,0.823471,-0.239333,-0.570916,-0.0683598,-0.589465,-0.573967,0.787309,0.125933,-0.200686,0.193242,1.37859,-0.547285,-0.774886,-0.200356,-0.107251,-1.40588,0.511652,-0.160851,-0.322481,0.57248,1.05345,-0.497189,0.588127,-0.0757169,-1.33741,0.596854,-0.924449,0.714811,-1.29023,0.179322,1.30618,0.781683,-0.561088,-1.12621,-0.478624,-0.444531,0.239372,-0.463656,-0.914525,0.57208,1.37335,0.0421361,1.63948,-0.454592,-0.190707,-1.70474,-2.10241,-0.684831,1.18223,0.665432,1.21616,-1.54612,-0.865542,-0.579989,-1.21095,-1.38367,-1.11426,-0.880041,-0.701047,0.333882,-1.67151,5.06121,-1.98269,-4.14066,0.571316
-0.0106994,1.09333,-0.302795,-1.50195,-1.17723,-0.664781,-1.50697,-0.786766,-0.354614,0.490105,1.11405,-0.729636,-1.62563,-1.86407,-2.24211,-0.752364,-0.420442,-0.0870066,0.231898,0.342588,-0.00261521,2.10395,1.26212,1.10214,-0.662576,0.233216,1.20715,0.539197,1.27426,-0.407969,-0.606006,0.342012,-0.773184,0.113836,0.122636,0.32275,-0.0385223,-0.425352,-0.450992,-1.43963,-0.534493,-0.653596,-0.0995909,0.0509745,-0.351503,-1.04658,-0.0972044,-0.135144,-0.10655,0.269876,0.213486,-0.133505,0.378237,0.714528,-0.202394,-0.969549,0.210616,0.417257,0.480982,-0.160623,-0.577955,1.02504,-1.29055,0.400811,-1.47363,-0.963415,0.772269,-0.407427,-0.0338076,-1.19558,0.413634,-0.500298,0.616778,-0.346269,-0.0727846,0.725401,0.787636,0.964073,0.734456,-1.5591,-0.302766,0.626666,0.453397,-0.232603,0.457213,-0.0871672,0.7099,0.798739,0.784174,-0.540888,-0.0453471,-0.223486,-0.392676,-1.02998,-0.0678522,0.534132,-0.00852127,-0.127578,-0.184603,0.218073,-2.92618,-0.505946,-1.14879,-0.552889
-0.367917,0.498209,1.19337,1.70706,0.409089,0.610102,0.218834,-0.0335556,-1.17204,0.659241,0.473114,-0.348246,-0.491379,-0.852873,-0.471335,1.05563,-0.252038,0.251278,-0.49607,-1.04482,0.282743,-0.532434,-0.215616,-1.38044,-0.783797,1.54206,-0.689086,-0.613264,-0.870247,-0.909558,-0.968133,0.0488253,-1.26603,0.218684,0.0363327,0.943391,0.594449,0.268133,-0.467395,-0.637172,0.565545,-0.71962,-1.15003,0.2827,0.818522,1.13617,0.784055,-0.563072,-0.102103,0.198197,-0.0260938,-0.446333,0.181825,0.691625,-0.90066,-0.0765686,-1.05819,-0.590586,-0.512952,-0.136609,0.142393,-0.530961,-0.774289,-0.387377,0.524065,1.76842,-0.257158,0.122362,-0.720714,1.12101,-0.48923,-0.168365,-0.493151,1.32145,-0.822702,0.195263,-0.961711,-0.411629,-0.0269663,0.48593,-0.747153,0.736693,-0.34618,-0.107582,-0.757574,1.00859,-0.223966,0.258766,-1.21241,0.161343,0.161049,-0.578484,-1.04911,-0.61187,-0.495916,-0.320538,0.150461,-0.570045,-0.12335,0.0472677,0.105729,-0.271516,0.0445709,-0.988266
1.00749,0.121267,2.00593,1.70741,-1.18001,-0.440541,-1.10663,0.520214,1.58583,0.692439,0.825362,1.10078,0.204826,0.21908,1.25261,-0.421843,-0.0539869,0.731011,0.0765513,0.464093,1.52815,0.617648,0.184583,1.75158,-0.421695,-0.450214,-0.454283,-1.63377,-0.0549717,1.66606,1.37339,0.0464205,0.806967,-0.377201,-1.38239,-0.347563,-0.320021,-0.889364,-1.28562,-0.136441,0.0577146,1.42932,1.81275,0.42483,-1.21637,-0.0239859,0.587614,1.67063,1.59604,-1.37575,0.444269,-0.7031,1.14381,-0.311962,-0.574495,-0.706725,1.42739,0.531923,0.868717,0.857467,0.610831,0.607628,0.110645,-1.43962,-0.857578,0.228137,-1.09849,-0.715043,-1.14086,0.719248,1.15893,1.34099,0.411104,-0.186915,-2.44274,-0.250518,-0.593831,0.465117,0.396514,0.74976,2.07377,0.983962,-0.324283,-0.704628,-0.615637,0.310558,-0.576152,0.719586,2.30593,-1.54543,2.82657,0.00352623,0.387132,-1.67485,1.55716,-0.534966,0.678379,0.0300356,0.938116,-2.00964,-5.6378,0.564608,2.40197,-1.6208
-1.30776,-0.120691,0.294998,0.124003,0.882642,0.0835271,-0.980331,-0.163124,-1.2283,0.207076,-1.41152,0.685864,-0.15373,0.0305557,0.526294,0.194446,0.488294,-0.773956,0.0219828,-0.378908,-1.01642,0.650345,0.639492,-0.837396,1.42982,0.501035,-0.616932,0.297645,-0.59518,0.193703,-1.73203,0.282617,-1.23993,1.79423,-0.00415955,0.314779,-0.518471,-0.466201,-0.799369,-0.120919,-0.642563,-1.58845,1.3147,0.481339,2.26597,-1.29675,-1.04196,0.314019,-0.809436,-0.613526,-0.844563,1.38555,-1.21274,0.262302,1.53052,-1.2114,-0.813917,0.234723,0.408073,-0.471165,-0.382427,1.87482,-0.844668,0.0532959,-1.05026,-0.467964,-0.258893,-0.190143,0.0325425,0.318521,-1.33131,1.13795,-0.144176,-0.0725453,0.407462,-0.68863,-1.57063,-1.71284,-0.784831,-0.203234,-1.31361,0.874644,-0.188126,0.965925,-0.441823,0.402934,-0.281665,-0.970262,0.866933,-1.02771,0.994816,0.326531,1.57435,0.508692,0.498255,0.641168,1.15503,0.177056,-0.723178,1.39187,-0.983997,-0.634521,0.0866794,-1.15236
0.20017,-0.587821,-0.914531,-0.128967,-1.18516,-0.983369,-0.918053,0.0828611,-1.12238,0.740127,0.108211,-1.01972,0.189648,0.519384,1.02152,-1.44712,-0.048629,-0.231258,-0.774312,-0.379499,-0.0203665,0.740987,0.189422,0.0117036,0.792882,1.01972,-0.173406,0.314494,1.20648,1.23006,0.966609,-0.258257,-1.00983,0.319105,0.97324,-1.51001,-1.37465,1.32949,0.949915,0.00779316,-0.811154,-0.782991,0.0297968,0.0831554,-0.986801,0.554984,0.4186,0.176926,-0.777437,-0.152413,-0.604716,0.158425,-0.342684,0.583881,0.419968,-0.34121,0.496135,-0.630373,1.15186,0.506892,-1.18638,0.0129713,0.301894,0.190368,-0.579729,0.698003,0.496793,0.0903209,-1.04769,0.157395,0.105068,1.25569,0.808626,-0.984509,-0.993578,0.904627,-0.220089,-0.0863558,0.246667,0.461735,-0.86464,-0.603966,-1.318,1.47774,-0.614773,1.51083,-0.563224,-0.139698,-0.636623,0.524141,0.0941072,-1.45708,-0.345608,-0.366477,-0.462923,-1.04243,0.582551,-0.258329,-0.154605,0.187237,-0.751908,-1.48151,-1.34095,-0.222382
1.24588,1.72357,0.379794,-1.18426,-1.45362,-0.402251,-0.953955,-1.29591,-0.447346,0.473147,1.80184,0.604228,-0.549813,1.09599,2.42977,1.29587,1.00089,0.0791345,-1.86034,1.08812,-0.0892165,-0.256741,-0.895929,-1.78863,-2.05675,2.41355,1.5419,1.93957,0.0812059,-0.283781,-0.0384063,-0.222454,-0.184721,-0.115032,0.770361,-0.594112,-1.98656,-1.7058,0.173055,0.293546,-0.192573,0.597661,-0.0310768,-0.300506,-0.566352,-0.033366,-0.60298,-0.717819,2.47683,0.725494,0.683448,0.861466,-0.903034,0.7299,1.35006,1.25331,1.86877,1.40374,-0.38015,-0.8455,0.0257071,0.503262,1.77942,1.3317,-1.91684,-2.00465,0.981465,2.58804,-0.655078,-1.46451,0.895774,0.171018,-0.252906,0.194248,-0.0305182,-1.33588,-1.0778,-1.31764,-1.83195,0.0294756,0.0349333,0.291659,1.91162,0.038973,0.599615,0.21001,-1.09749,0.0372407,-0.0111699,-0.467042,0.363248,0.34231,0.512163,-0.534553,-2.71695,1.9078,1.63191,-1.19196,2.94057,1.52662,-1.16158,-1.56746,2.98349,1.26928
-1.17844,-0.982966,-0.439283,0.191098,0.74852,1.65428,0.0335371,-0.97516,-0.24321,-0.470519,-0.480872,0.56604,-0.309348,1.63424,0.485978,-0.622945,-0.726468,0.15772,-0.997469,0.694051,0.185653,0.0114853,-0.552372,-0.997687,0.0618048,1.4611,-0.744992,-0.638553,0.645596,-0.0103894,1.04931,1.60884,-1.35359,-0.219399,1.9187,1.53774,-1.05562,-0.959017,-0.535603,-0.413038,-1.21053,1.278,0.490641,-0.0588688,-0.242807,1.42629,-2.36833,-0.0714567,-0.341435,-0.308932,0.123064,0.643733,0.573342,-0.485486,2.43969,0.825661,-0.64842,-1.00264,-0.695923,-0.658424,1.02506,1.18427,0.747959,-2.26359,-1.41546,-0.101717,0.365128,0.739269,-2.76923,-0.725176,0.214086,-0.480471,0.598227,-0.873869,1.92293,-0.400821,-1.63913,-0.144268,0.303495,-0.238092,0.675138,-0.0325791,0.204336,1.03832,1.90756,1.04935,0.448921,-1.25613,-0.479314,0.716084,-0.367542,0.358486,-0.549536,-1.99283,1.03507,-0.104381,-0.54157,-0.749564,0.426391,0.670882,1.48521,1.82863,0.780523,1.14984
-0.205887,0.274041,0.510959,-1.51536,0.317567,-0.37743,1.75814,-0.11132,-1.14619,-0.341615,2.35546,-0.212183,-0.671131,-1.48077,0.314878,0.78216,1.66111,-1.05718,-0.730722,-0.890869,0.532875,1.45404,2.67441,-0.741795,-0.33451,0.339226,0.767429,-1.59287,-0.756337,-0.320977,1.54371,-1.12871,-1.71153,0.553784,-0.551154,-0.0576448,1.39071,2.52541,-1.67442,-0.144517,1.39424,1.01989,1.62661,-1.49286,-1.20971,-1.1549,0.589402,0.188907,0.292183,0.961343,0.820081,0.0901019,0.512485,1.41674,-1.05386,-0.327186,0.548992,-0.185551,1.17425,0.74581,-0.66549,0.265507,1.46301,3.54359,-2.13155,-0.859573,-0.88351,0.104129,1.38642,0.428892,0.40855,0.800229,1.10602,0.402861,-3.22772,-0.880975,1.08908,-0.908318,-0.0390637,-1.26017,0.761291,-0.284478,-0.267071,0.852516,-2.28235,1.62524,1.578,1.39365,0.0851066,0.0497052,1.08298,1.39384,-0.560745,0.12032,2.09177,0.764186,1.23972,0.907402,-1.82408,-0.792029,-1.50466,0.433486,0.861703,-1.24542
1.03829,-0.313183,-0.0597887,-0.50618,-1.06363,0.318633,0.308468,1.21385,1.00086,0.617522,2.76401,0.0617211,2.37045,1.07589,0.596492,0.981934,-1.19927,0.113006,1.13197,0.94717,0.154972,-1.23904,-1.89661,0.0971405,1.93726,0.800234,-1.37465,1.96757,0.138566,0.165114,0.493596,-0.696105,-1.55295,-2.67442,0.333568,-1.75514,-1.51054,2.03827,-0.69493,1.76287,0.477515,-0.806981,-0.587382,-1.41982,-0.0923117,-1.12443,-0.731906,-0.908069,-1.85571,-0.556902,0.411557,0.766018,-0.243539,-0.883918,-0.109738,0.343689,0.304529,0.00795107,-0.657821,0.253943,0.977254,-0.657777,0.61502,1.38045,0.730007,-1.08962,0.215438,0.739814,-1.42119,0.109357,0.666497,-0.961493,1.65404,0.227068,0.022693,0.125066,-0.265069,-0.665803,-0.877507,-0.744406,0.521221,-0.699291,-1.72935,0.374782,-0.425875,-0.212002,-0.151156,-1.40249,2.68743,-1.35221,0.310325,-1.76988,-0.0682609,2.50988,0.578564,1.74352,-0.376661,-1.16619,0.498769,0.611094,1.01588,-0.833354,1.811,-0.958644
0.763576,0.769517,0.572656,1.93879,0.563132,0.0376539,0.831108,-0.644448,0.528336,-0.799915,-0.0744785,1.47241,-1.27991,1.63456,1.48889,0.171567,-0.705626,-1.90776,1.75207,0.879084,1.27467,-0.131687,-1.05779,-2.25918,-1.98049,0.167043,0.0425494,0.530301,2.06887,2.07832,0.22385,-1.22115,0.22163,0.0461706,0.269628,-0.980504,-1.16109,1.93855,-0.757977,-0.174656,-0.502193,-1.01382,-0.4029,0.135509,0.394493,1.89315,0.573942,-1.09759,0.252766,-1.38405,-1.37717,0.183939,0.0925397,-1.53961,-1.98022,0.427467,0.120485,0.852171,-0.12057,-0.776084,-1.26411,-0.0998991,-1.3266,-0.33529,0.298598,-0.764184,-1.99212,1.17361,0.685471,-1.49949,-0.14504,0.575378,-0.234853,1.56494,1.84539,-0.126896,-2.30324,0.0810973,-1.60805,-0.450833,2.19459,0.340828,1.99701,-0.947243,0.346318,-1.30911,1.35683,0.0823658,-0.0898372,-0.26207,0.837435,2.67872,0.293745,1.5302,2.08855,1.40095,-0.619493,0.549091,0.856824,1.80159,0.223296,-0.836727,-0.738231,-1.28129
-0.686391,0.545829,0.782552,-0.476758,0.116131,-0.400704,0.208563,0.138597,-0.409258,0.73516,-0.315562,0.266597,0.603349,1.3028,0.89591,-1.90151,0.176222,-0.440617,-0.00289895,-1.47328,-0.520942,0.0448475,-1.28747,-0.161978,-0.364438,0.00393871,-0.500147,-1.05339,0.0488252,-1.08846,-0.0990128,2.20036,-1.3202,-1.35673,-1.26477,0.368309,-0.310938,-0.809534,-1.09481,0.397365,0.91421,0.36006,0.186658,0.316376,-0.149742,-0.00406321,0.738395,0.189468,-0.638425,-0.147371,-0.456136,0.936091,-1.04921,0.0483601,0.512041,-0.81009,1.5062,-0.252689,0.837209,0.15223,-0.522983,0.0380783,-0.152265,-0.0981968,-0.63265,-0.437435,-0.77583,-1.55946,0.221186,-0.720062,1.94438,-0.630326,1.14743,0.672293,-0.957669,1.20547,-1.11069,-1.79057,1.19994,-1.10779,-1.50547,1.24983,-1.50976,-0.71285,1.96228,-0.75387,2.08415,1.85251,-0.318358,-0.339747,-1.03204,0.475509,-0.473843,0.166236,-0.153187,-0.986175,-0.0421297,-1.26678,-0.798279,-0.1582,1.77829,0.015801,0.998941,0.460893
1.56795,0.889793,1.12213,1.46162,1.52708,1.04393,-0.758775,-0.289165,-0.718004,-0.0211094,1.88911,1.90769,0.414608,-0.905077,-0.844876,0.0958245,-2.29289,-0.798096,1.5667,0.336446,0.174222,0.883712,1.84093,-0.763432,-1.47113,-0.19772,-0.17722,0.531794,0.403277,-0.70668,-1.35523,-1.48336,0.61008,-0.425807,-1.74844,1.5752,-1.62082,1.55364,0.24002,-1.33717,-2.0286,0.572771,1.45116,1.08037,-1.96532,-0.41,3.2927,1.09862,-1.33381,-0.00599572,0.631917,0.844608,-0.352993,-0.405919,-0.761777,2.66818,0.136091,0.623258,-1.4803,2.58803,0.178197,-0.0446286,-0.974122,-0.70804,-1.23894,0.00622022,0.200824,-1.47612,-0.461395,0.978654,0.784376,1.75675,-0.0770844,0.649385,0.906149,0.599492,0.36431,-2.00946,-0.613658,0.723687,0.905001,-1.49805,-0.513205,0.112137,-0.123951,-1.01064,-0.0740833,0.796008,0.0114045,0.979616,-1.11948,1.33488,-0.411758,1.76318,-0.2894,-0.600412,-1.47938,0.479389,1.31981,0.677179,-1.3395,0.415407,0.320809,-1.21821
0.126462,-0.577169,0.828871,1.40011,1.08867,0.759598,0.759822,0.0166122,1.14985,0.421819,-1.56108,-0.208745,0.74958,0.2565,-0.215769,-0.423483,0.308136,0.555725,-1.10534,-0.479001,-0.829226,0.274104,1.18706,2.38767,1.06054,0.447651,1.05264,0.693366,-0.39462,0.464187,0.218878,-0.739178,0.838853,-0.405645,0.0869779,-0.56703,0.891208,1.43096,0.98642,-0.265488,0.655895,1.82211,0.491477,0.0579392,0.219824,2.11286,-0.576023,0.498414,-0.117601,0.316204,-0.541669,-1.11306,-0.31971,-0.584353,-0.067251,0.29233,-0.435463,1.12818,-0.189722,0.885061,0.175088,0.198047,-0.921188,1.25811,-0.526578,-1.04888,0.326687,-1.39192,0.0609961,0.031462,1.09655,0.874073,1.13249,1.05662,1.41032,0.108842,1.41518,-1.05148,0.134049,0.20042,0.927411,-0.733317,1.13065,0.242181,0.88376,0.354448,-0.795996,0.497131,0.259009,-0.364416,1.03292,0.655429,0.739314,1.01821,0.0517753,-0.665013,-0.357316,-0.340219,-0.405386,-0.389619,-0.92295,1.57004,0.217291,0.3278
-1.23183,-1.27271,-1.24651,-0.138211,0.255999,-0.253902,-1.28434,-0.133258,-0.410032,0.596483,-0.80474,0.222829,0.765225,-0.833611,0.21738,-0.554155,0.536038,-0.792647,0.00847711,-0.754581,-0.533621,0.225138,-1.59851,0.172723,-1.27883,-0.887608,0.488642,0.919362,0.102116,0.658449,-0.37576,1.08851,0.941469,-0.0916123,0.529632,0.152433,-0.428151,0.692365,-0.797252,-1.1915,-0.238787,0.812704,-0.981099,-0.221472,-1.28758,1.16003,-0.212453,1.70022,-0.585805,-0.644002,-0.610591,0.740623,-0.931632,1.28818,-0.282782,-1.19416,-1.15474,1.48481,-0.552675,0.621235,0.0863374,0.624209,0.662308,0.327115,1.09995,-1.11443,0.760828,-0.730695,0.027316,-0.638548,0.108605,1.40566,-1.31991,0.279463,0.555939,0.862931,-1.23682,0.161528,0.903963,-1.1988,-0.076233,1.18643,-0.472112,0.00861767,0.694123,0.56853,1.03727,0.168955,-0.938183,-0.436048,0.126686,0.411684,-0.137509,0.297573,0.476056,1.57849,-1.30808,-0.391157,0.169384,0.181594,0.689191,1.27836,-0.999118,-0.664725
0.548142,-0.241739,0.217471,-0.196082,0.000160292,0.0271711,0.054279,-1.30143,-0.664306,-0.244453,-1.45696,-1.83909,-0.270827,-0.0641243,0.898561,0.232543,-0.515913,-0.0359588,-0.246642,1.18992,0.254651,-2.21473,-0.168675,-1.38834,-0.0144011,-1.06243,-0.676062,1.27727,-0.52565,0.893339,1.48553,0.838314,0.6289,0.32877,-0.988004,-0.240896,0.509753,0.216565,1.17702,0.30252,1.75076,0.290971,0.832163,-0.0528819,0.374886,-0.185898,0.843675,0.408533,0.878146,-1.03185,-0.858787,0.571996,-0.298723,-0.77545,-0.720258,0.776012,-0.210901,0.740303,1.60524,1.65118,-0.778617,-0.0281131,-0.644749,1.3439,-1.09581,0.332412,0.202819,1.55217,0.869554,0.945686,-1.18946,-1.09067,0.896386,0.538597,-0.182416,0.0984985,-0.101854,-0.907498,-0.0604014,-0.539237,0.792756,0.306829,0.218359,-0.617704,-1.26294,0.410748,-0.0417726,-0.777978,-0.0552863,0.80418,-0.259241,-0.276461,-0.598464,0.346805,-0.965667,-0.0949403,0.89829,0.348513,-1.14483,-0.969173,1.20998,-0.691852,-1.80401,0.379967
-0.723659,-0.782488,-0.393598,1.23528,-0.439236,-0.746284,0.548081,-1.51977,-2.75069,-0.681328,1.59249,0.0830697,-1.23071,-0.194156,0.402926,-1.74255,-0.576877,-0.417789,-0.263625,1.60488,-1.227,-0.211731,0.110453,-0.406142,-0.202435,0.971942,0.785404,-0.490323,-1.08359,0.971064,0.550625,0.894892,0.850185,1.7389,0.267393,-0.318171,0.88936,-0.303918,0.830833,2.3744,-0.603335,-2.02865,-0.592147,-0.383033,-0.169677,-0.118312,0.170745,-0.322462,0.121199,0.469668,-0.650192,-0.0902301,-0.308357,-1.44856,-1.7867,-0.570678,-1.01337,0.453729,1.40968,1.53884,-0.623197,0.134299,-0.136505,-0.437544,0.743488,-0.262734,-0.753487,1.35738,-0.254777,0.822157,-0.56163,1.56378,1.54935,0.615173,-0.682188,0.0475417,1.31383,1.04794,-0.446475,0.818925,0.996808,-0.794302,0.747799,0.798207,-0.109748,1.04297,0.667038,-0.933625,0.850351,0.0250559,-0.0324629,0.604073,-0.579176,-1.23795,-1.08615,0.604204,1.07694,-0.291096,0.158849,-0.556404,-2.6631,3.30312,0.890868,-4.70952
0.503427,-0.0717081,0.620437,-0.165252,1.10949,0.735489,0.0838108,-1.2027,1.1641,-0.325516,0.6945,-0.353416,-1.31407,0.491154,0.729982,1.31934,-1.11802,-1.21749,1.15183,0.04864,0.692139,-1.59098,-0.285372,-0.225588,1.26269,-1.4857,-0.433261,0.288468,0.631186,-0.980081,1.40148,-1.38974,-1.15771,1.17212,-1.15789,0.994601,0.299019,-0.407517,1.41853,-0.779507,0.844432,-0.334699,-0.0547573,-0.0724031,1.00533,-0.916719,-0.919006,0.0337779,1.39257,-0.412843,-0.319886,-1.17155,-1.11797,-0.0536931,-0.215011,-1.64444,0.765495,0.881371,0.640012,-0.0360177,0.614316,-1.42868,-1.42623,0.499819,1.51751,-0.13006,1.01952,0.605034,1.01784,-0.763771,0.172476,0.137454,1.27231,0.701905,-0.295057,-0.0408834,1.04836,0.839352,1.04171,0.13323,-0.821599,0.628145,0.925149,-1.36541,2.15099,1.05722,0.209858,0.402766,1.57732,-0.00130305,-0.0221834,-1.05114,0.849683,0.790416,-2.79548,0.469522,-0.675183,-0.084323,1.04336,0.0153914,-0.0307198,0.215431,-1.62043,-0.855894
-0.438927,0.393988,-1.15148,-0.864091,-1.82053,-0.360256,0.494353,0.712246,0.0463646,0.881646,0.37419,1.35456,-0.690599,-0.516946,-1.28902,0.86187,0.729643,0.873542,-1.3652,-0.856612,0.513766,0.219568,0.361716,-0.522065,2.05359,-1.06565,-1.82453,0.498533,-1.14722,0.415142,0.349116,0.782302,-0.422241,0.745876,1.53259,-0.925969,-1.33057,0.695587,0.767905,-0.49859,0.997956,0.0147976,1.84213,0.836292,-0.0780699,1.32917,0.366479,-0.264943,1.30915,0.942449,1.41319,-0.791923,0.463961,0.951169,-0.246355,-0.797143,0.278337,-1.14872,-2.1008,0.894131,1.73656,-0.559491,-1.43106,0.893909,0.102523,-0.509,-1.53566,1.40651,0.909919,-0.411489,0.355835,0.113851,1.97696,1.15006,0.511621,0.92664,1.59612,-0.625717,0.405732,-0.529901,0.929516,-0.0463077,-0.252139,-0.468405,0.526771,-0.228419,-0.093635,-1.43863,-1.17031,-1.79063,-0.0704663,-0.639184,0.453484,-1.31401,0.734036,-0.498338,-0.501664,-1.12197,1.47823,0.377741,1.73842,0.479087,-0.215276,0.977671
0.236284,-0.167578,0.2278,-0.73236,0.283841,-1.36468,-0.114467,-1.69649,-0.364429,0.330424,0.373589,0.386876,-0.391166,0.702577,-0.822376,-1.65128,-1.83196,-0.32118,-1.03964,-0.685241,1.11405,-1.26495,-0.454537,0.53197,1.69393,0.716991,-1.35849,1.12761,1.96275,-0.371522,-1.26361,-0.236248,-0.553164,-0.392731,-0.646505,0.657302,-0.215842,-1.12881,-0.0558935,1.63956,0.235403,-1.85646,0.784193,-0.550414,-1.46602,-0.0161798,0.796957,1.11122,0.911197,-0.278347,-0.181521,-0.176279,-0.172217,-0.782008,-0.713389,-1.34223,0.16311,1.81485,2.00354,-1.26261,0.00785687,-0.111045,0.290207,1.54978,-0.586187,0.390534,0.263745,0.545044,-1.42688,0.638956,-0.281672,-0.427965,0.151567,1.33516,0.827796,0.0737102,-1.27695,-1.28596,-0.540605,-1.4175,0.932364,1.11075,0.0553022,0.561169,-0.275921,0.609402,1.42989,-0.756732,0.896006,-0.961618,-0.577538,-0.74392,1.51497,-0.291094,0.595445,0.402178,0.321715,-0.765977,-0.795686,-0.289111,0.0290653,0.964678,-0.463876,0.240921
-2.26895,-1.33843,-1.4877,-0.248963,-1.26851,-0.757058,-0.869669,0.899886,-0.3831,-1.29077,-2.01645,-0.4294,-1.20807,-0.426909,-1.39977,-0.390068,-0.202479,0.143397,-0.62173,-0.156495,-0.901311,-0.718326,0.413958,-1.57531,0.143273,-1.29342,-2.08103,-0.913363,0.408917,0.687856,0.01325,0.12654,-1.26463,1.28298,-2.33451,0.271581,-1.8319,-3.10295,-0.646075,0.698726,-1.08414,-0.842402,0.577476,-0.5082,-0.714358,-0.736618,-1.60445,-1.9386,-0.865062,-0.0378524,-2.13789,-0.23958,-1.11298,-0.0621116,-1.27003,-0.698412,-0.0963062,-2.01441,-0.481385,-1.01652,-0.691255,-0.205472,-0.135017,0.221323,0.53139,0.0957572,-1.57522,0.140536,-0.677537,1.23416,0.652081,-0.528648,1.3743,1.2538,-0.764199,0.300722,-0.142472,1.26158,0.348906,0.245381,-0.347323,1.2712,0.261335,-0.0415027,0.530513,-1.27976,1.09734,-0.366517,1.25536,-0.919961,0.0147948,-0.604934,-0.649979,0.228053,-0.010432,0.448438,-0.382692,0.275029,0.180102,-1.22622,0.608913,4.32151,1.23927,-2.84987
-0.788924,-0.982644,-1.09831,-0.223317,0.410078,-0.159437,0.284558,-0.0260658,1.1339,-0.0724267,0.274726,-1.49223,0.113789,0.0828312,-1.26665,-0.568128,-1.31237,-0.00729149,-1.14358,-1.04542,-0.0826921,1.33664,-0.727471,0.240157,0.393105,-0.519317,0.719106,1.20736,0.149057,-0.0770338,-0.335817,0.188293,0.0170381,-1.38313,1.0154,0.030667,0.551408,0.121363,-0.751583,-1.34966,0.0838366,-0.727963,0.517951,-0.920485,0.342203,0.0673209,-0.306566,-0.741516,-1.0282,-0.851562,-0.114236,-0.576255,0.0967344,0.0506465,-0.311798,-0.918337,-0.516511,0.770411,-0.0496364,0.0614021,0.63619,-0.316515,-0.430427,-0.407136,-0.384214,-0.299784,1.58224,1.31452,0.451185,-0.225434,0.0111686,1.88285,0.791216,1.58023,-0.77846,-0.318674,-1.67548,0.160541,0.0142855,-0.761908,-0.525938,-0.550252,1.07196,-0.645498,1.16209,0.262714,-0.63088,-0.286938,-1.24146,-0.458991,-0.248794,0.243816,0.93381,-0.940232,0.928162,-0.572029,-0.852208,0.699308,-0.095343,-0.0273156,1.94153,1.59292,1.59013,1.06473
-0.160381,-0.364044,-0.783724,0.311479,-0.237348,0.52624,-0.215151,-1.28791,0.765937,0.483668,-1.22782,-0.540526,-0.212089,0.354114,0.128641,-0.884558,1.74143,-0.0310317,0.503401,-1.77081,-0.538236,-0.21268,0.321304,-0.585364,-0.620319,0.606218,1.19498,1.14305,-0.115805,-0.699824,0.102085,0.671721,0.124383,-0.145653,-1.17781,-0.63599,1.48054,0.432426,0.221583,-1.38802,1.0027,1.03319,-0.815733,-0.764318,0.270156,-0.00742989,-1.57264,0.00789148,0.919354,-0.423315,-0.493545,0.916668,-0.808895,-0.36359,1.44873,1.60865,1.02788,1.24071,-1.07331,0.193917,0.422738,-0.372448,-0.646571,0.42,-0.580993,0.670139,-0.303818,-0.249132,0.489827,-0.464015,0.0303788,-0.08135,-0.907159,-1.85619,-0.232076,0.397167,-1.00668,0.845868,0.414916,0.360289,0.447043,1.001,0.519592,1.15723,1.16938,0.0016627,-0.0971399,-1.20983,1.21776,-0.997461,-0.2136,-0.0414185,0.950835,-0.91248,0.820847,-0.248685,1.1919,-0.0760762,-0.471764,-1.06271,0.549933,0.602318,1.37856,1.40331
-0.427012,2.19049,-0.00632723,1.01642,-0.851162,-0.425352,0.290622,1.72996,-0.0695735,1.33762,0.589534,0.556329,0.3199,-0.655668,-0.100221,-1.50971,-0.28005,2.40704,-1.51914,1.21965,0.295142,-1.42244,-0.35096,-0.699297,-1.36164,0.134202,-0.935975,1.828,1.33836,-0.896614,0.160078,0.257947,-0.369197,-1.78029,-0.870988,-0.730784,-0.320681,2.3544,1.03198,-0.640311,0.474121,0.864679,-1.1259,-1.25503,-0.242781,0.05367,-1.83588,0.558547,0.497738,-2.18817,-1.23576,0.44404,-0.626942,-1.94594,-0.821266,-1.17132,-0.00246274,-2.51131,1.03649,0.862384,1.77801,-0.450837,0.603028,-2.20545,0.956318,-0.372431,1.23678,1.46782,-0.438136,-1.07892,1.99365,0.121836,0.737536,-1.6232,0.974716,1.01811,1.65952,-0.600964,0.337331,-0.355755,-0.445939,-0.14372,0.755424,-1.71628,-0.793295,0.509861,0.635674,0.153371,-0.182179,-0.00247548,0.310612,1.34999,1.15798,-0.0263772,-0.577841,-1.17343,-0.128389,-0.209191,-0.0215627,-0.446693,-0.158026,1.79694,1.17688,1.68262
0.785653,0.796748,1.20834,-0.177021,0.0864656,0.553119,1.35433,-0.846119,0.727956,-0.176621,-1.50371,0.870386,-1.21136,0.988179,-1.06112,0.273776,-0.554413,-2.19477,-0.494052,1.34331,-0.416262,-0.603806,-1.38456,0.866696,-1.16469,-0.292298,0.358856,1.6804,-0.325671,-1.4483,0.93165,0.683136,0.354621,0.0108644,0.636576,0.593661,-0.501246,0.240268,-0.315625,-1.48553,0.873858,-1.17456,-1.07158,1.99209,2.00369,-0.92888,-0.150636,0.681063,-0.635407,0.0758234,0.949573,-0.955766,0.274999,-0.331976,0.277883,0.35051,1.50811,-0.181517,-0.0283842,-1.49262,0.852214,1.38273,1.23366,-0.100411,2.67596,1.40627,0.374413,1.592,-0.791372,-1.99302,-1.05858,0.254533,-1.00416,-0.95635,0.611428,-2.49078,1.10114,1.15867,-0.405835,-1.08649,-0.598088,-1.05114,-0.696557,-0.191797,-0.151414,-0.894102,-0.825246,0.252633,-0.283728,-0.212702,-0.50131,1.02919,0.898831,-1.74634,-0.0182095,-0.921943,-1.31321,0.117143,-0.721338,-1.37991,-1.16312,0.882694,-1.64575,2.00447
0.103388,1.56845,0.185943,-2.05565,-0.73468,-1.32757,-1.13527,0.679364,1.5878,0.595977,0.0206801,-0.863133,-1.2611,-0.565752,0.309415,0.787767,0.984432,0.212499,1.08061,0.46125,0.314163,-0.4507,1.0998,0.605523,-0.0180858,0.624394,-1.19175,-0.088658,0.712323,0.401453,0.84567,-1.04262,-0.437509,-0.565257,1.17242,-1.28011,1.4793,1.64355,1.15292,0.869427,-1.29941,0.366131,-1.61321,0.0366425,0.339795,0.366053,-0.351127,0.0831626,0.437775,-1.27668,-0.527543,0.545925,-0.510931,0.18243,1.22376,0.759788,-0.869752,0.767138,-0.357889,0.13497,0.812071,-0.896984,0.783923,-0.160352,-0.820317,-0.717793,0.679749,-0.802153,0.379873,-0.293358,0.368295,-0.476029,-0.807498,0.395493,-0.0565745,-0.569727,-0.540651,-1.23296,-1.04728,1.03238,-0.622535,1.16948,1.81988,0.49133,0.188478,0.548333,-1.25495,0.840805,1.40228,-0.525642,-0.866553,-0.529465,-1.03377,1.52681,0.585134,0.184621,0.608155,0.450828,-0.287859,1.70989,1.23666,0.450415,-0.0774531,-0.365579
0.382289,-0.436807,0.565417,0.762895,0.961248,0.308208,0.0158717,-1.47442,-0.686551,-0.641507,-0.20961,-0.102635,-0.309147,1.3006,1.22294,2.21215,1.5992,0.807276,0.665507,-0.122694,-1.93943,-2.27216,-0.375956,0.812755,-0.903483,1.36619,1.82913,1.42475,1.50203,0.0688155,-0.887256,-1.19798,-0.663593,-1.29571,0.26128,0.374393,0.0250476,-0.454367,-0.381072,-1.44727,-1.32182,2.56802,-0.559186,0.0441204,-0.215896,-1.83277,0.374023,-1.28907,-0.123501,-2.35891,0.947924,0.596069,0.153023,0.0946557,2.0385,0.985587,0.397257,0.874594,1.71086,1.15271,-1.75597,-0.791338,-1.74847,-0.75215,0.213944,-0.061865,-1.29275,0.179625,0.492693,-0.773852,-0.64654,0.96929,-0.0986959,-0.136563,-0.383749,0.719916,-0.0350624,0.476497,0.31274,0.243759,0.427862,0.926264,1.36951,-1.95684,-0.970595,-1.23564,0.641316,-0.69933,-0.041406,0.0562239,-1.2073,-0.786989,0.0149405,1.70817,-0.949676,1.7619,0.257021,0.883942,-0.415179,-0.461309,-0.497176,0.492623,-1.13029,-0.616141
0.188294,-1.09208,-1.60226,-0.715825,0.727656,0.916826,0.363489,1.09746,0.176239,-0.552377,-1.22884,-1.85094,-1.01685,0.648835,0.93154,0.477869,-1.24658,0.37513,0.720046,-0.773232,-0.577004,-1.01465,1.18714,-0.384575,-0.994142,1.0924,-0.00656078,-0.427809,0.255061,0.018558,-0.656146,-0.742828,-1.28917,-0.986601,-0.902694,0.228476,0.244861,-0.227739,0.169189,0.51407,-0.0664812,0.00860277,0.507281,1.03832,-0.792992,0.663955,0.40913,-0.577985,1.75463,1.57752,0.239492,0.350572,-0.105388,1.24103,0.461123,-0.331755,0.12924,0.262368,-0.943066,-0.285616,-0.103835,-0.600501,1.63071,2.20439,0.579664,0.539582,1.3537,0.703332,-0.203878,0.0540837,-1.43267,0.976292,-0.563344,0.122902,-2.28674,0.0570193,1.54511,-0.566192,0.68647,0.524687,-0.569065,0.174753,-0.179722,0.826804,-0.568026,0.368841,0.36556,0.610642,0.095332,0.576263,0.375328,0.207253,-0.945315,1.08165,-0.04492,1.59192,0.810283,0.955137,0.393912,-0.467018,-0.121208,-0.0615231,-0.914559,0.927199
1.02096,0.616583,-0.118166,0.93681,-0.280114,0.330977,0.939142,-0.389677,-1.55156,0.701697,0.174614,-1.15259,-0.536911,-0.386015,-1.56851,-1.3412,-0.953379,-0.811575,1.10657,0.641177,0.201256,-0.503653,-2.51422,-0.995738,0.723455,-0.0765178,1.4842,0.212773,0.36111,0.678304,0.244118,-0.315784,-0.958959,1.0432,-0.986077,0.210515,1.91856,0.0546604,-0.178402,-0.103254,-0.484172,0.78024,0.234675,0.194447,-0.222816,0.134176,-0.0840705,-0.194702,-0.341642,-0.414009,0.386451,-0.834479,0.7315,0.27621,-1.26071,-0.337108,0.211319,0.574746,-0.145583,-0.619055,0.387071,0.560947,-0.501565,-0.266339,-1.43248,2.04376,0.99039,2.33401,1.14357,0.122114,-1.69121,-0.360798,1.01456,-1.89629,1.18163,1.18631,1.00968,0.638181,1.09222,1.08902,1.15668,-0.814481,-0.59559,-0.31644,-0.160342,-0.656971,-1.33099,0.318215,-0.65511,-0.151731,-0.287872,0.227494,0.0205157,-0.0259755,0.508302,-0.230884,-0.0641415,-0.86162,0.231177,0.691862,0.980002,0.986826,-0.861255,0.0594488
1.23149,0.661907,-1.69168,-0.878013,0.406859,1.48146,-1.08797,-0.404704,0.341626,0.11313,-0.902572,0.218355,0.676385,-0.708723,0.763423,2.09001,-2.13858,-0.598006,-0.273594,0.399558,-0.250127,-0.380442,1.12841,-0.0184808,1.21393,-1.25978,-0.223483,-0.279709,-0.608282,0.812816,2.01273,0.891697,1.45252,0.690682,-1.04206,-0.261697,-0.915616,-0.554147,0.671863,0.516367,-0.0550538,-0.387242,0.736058,0.346629,-0.909376,0.535773,1.67058,-0.563555,0.408318,-0.683641,-0.218871,-0.737517,-0.773759,1.16864,-0.764006,-0.707578,1.90642,0.286131,-0.635965,-0.554714,0.101938,1.08114,-0.828361,0.697814,0.0301568,0.692452,-0.322277,-0.840723,1.6389,0.448884,1.36826,1.12547,-1.04297,0.393187,0.0170065,0.282371,-1.64226,-1.06347,0.567022,0.185605,-0.0312968,0.942673,0.741986,1.01321,-1.10812,-0.473726,0.101404,-1.35048,0.726368,0.842521,-0.921817,0.430611,-1.03218,-0.606737,-2.30327,0.699978,-1.85873,-0.856466,-0.626087,0.575977,-0.333903,-0.370499,1.30917,-1.9544
0.0741584,-1.11351,1.48844,-0.614544,-0.422115,-1.15999,-0.477096,-1.02117,-0.396987,-1.21903,0.168336,-0.964554,-0.733555,-0.127339,-0.859302,-1.32711,-0.908436,-1.38002,-0.0512211,-0.989297,0.461844,1.35308,-0.202916,0.325059,-0.06515,-2.16288,-1.49674,0.576943,0.552205,-0.868591,-0.170012,-0.105633,-0.0175354,-0.0783586,0.576897,1.48278,2.5673,-0.785283,0.636866,0.146053,0.358432,-0.347659,0.842641,-1.90059,-0.595315,0.21961,-0.658483,-1.17955,0.94042,-1.00833,1.51138,-1.2747,1.36088,-1.48696,-0.790538,-2.27457,-1.41849,0.124627,2.00243,-0.170176,-1.62057,-0.120833,-1.68706,-0.0716916,0.622944,0.117605,-0.00170915,1.0381,0.556231,-1.58589,-1.84661,-0.100377,0.477045,-0.0497395,1.19873,1.44101,-0.601741,0.972778,0.460055,-1.97445,-0.410566,-2.17466,2.22268,0.140581,-1.08757,0.075035,1.06128,0.211349,2.13357,0.69038,0.558801,-0.0121513,-1.40266,-3.06122,0.400097,-1.17146,-0.243002,0.0770025,2.81021,-1.47931,0.515183,1.27847,3.14597,0.373064
-0.154698,-0.117975,-0.454669,-0.199864,0.196013,0.957557,-0.715855,1.11636,0.0549941,-0.0996764,0.831659,0.182854,0.893768,0.68238,0.657858,0.525648,0.877263,-0.583741,0.524963,0.615892,0.512666,0.490976,-0.539537,-0.0274041,1.02222,0.507949,1.09248,-0.474522,0.128292,0.81398,0.930252,0.339276,0.44832,0.43516,-0.369834,-0.555908,-0.571434,0.684828,0.603966,-1.15199,-0.809831,0.468455,-0.587729,0.109451,0.358937,0.789657,-0.963179,-1.2024,1.15455,0.584322,-0.0567375,-0.86809,1.3378,-0.707754,-1.2355,1.25855,-0.535866,-1.1272,0.452236,0.461116,0.682251,0.894365,0.495762,0.917535,0.39704,0.940019,0.0660502,0.139972,0.349807,0.36446,0.773404,-0.495849,0.828999,-0.720503,0.123259,-0.125672,-0.180414,0.865082,0.0791505,0.444307,0.485365,0.422996,-1.02326,0.386165,0.726657,-0.277621,0.911514,0.455129,0.661051,-0.762493,0.971297,0.190582,0.636199,-0.143475,0.209255,-0.450436,0.141863,0.272492,-0.428995,-0.284172,-0.889695,-0.323835,-1.26642,-0.651398
0.108143,-1.57255,1.58347,0.58725,-0.755624,-0.668426,0.684206,0.462032,-0.121755,1.30111,1.74755,-0.1879,-1.38715,1.16596,-0.591992,-0.489036,-0.497328,0.0743557,0.0876079,0.948576,-1.00038,0.254464,0.277349,-0.438128,0.626482,-0.964048,-1.28697,1.56922,0.535743,-0.525011,-1.37821,-1.72329,0.39005,1.69908,-0.77906,-0.809987,-2.30739,-0.11503,0.379937,-0.558058,0.112018,-0.78654,0.573847,0.819419,0.265009,-1.4341,0.289383,0.623261,-0.340061,1.14723,-1.47047,-0.278699,-0.666844,1.06458,-0.130234,0.853641,1.19775,0.788952,0.543253,-0.83721,-0.83347,0.174682,-1.34029,-0.506284,-0.580427,-1.11279,-0.654842,0.206485,-0.188282,-0.469614,-0.710458,0.506756,-0.218973,0.638438,-0.66792,0.0489776,0.710035,0.441319,1.96901,-0.484642,-0.862588,-0.620174,-0.806244,-0.0956828,-1.74588,-0.198805,0.734216,-0.738359,1.56918,1.62838,1.72803,1.42684,0.0197189,1.68207,-0.975479,0.0188314,1.27688,1.67758,-0.522074,1.946,0.823431,0.278186,0.368508,1.44283
0.235812,-0.708689,1.4385,-1.20371,-0.417827,-0.804822,1.76606,1.07,1.97871,1.33643,-1.4289,0.260647,-0.417782,-0.759452,-1.32877,-2.13595,0.739979,-1.68182,-0.68307,-0.0635241,0.400171,0.351215,-1.07054,0.351678,1.02506,1.18906,1.05472,-0.47085,1.14745,-0.717019,0.991966,1.07449,0.43968,1.50736,0.143071,-1.22923,-0.757813,1.67997,0.826501,-1.4159,0.116842,0.568515,1.11652,0.281659,0.747847,-0.253184,0.406793,-1.26097,1.40978,0.982368,0.770818,0.0504023,-1.54232,-1.48361,0.874343,0.265021,-0.780036,1.22566,1.90197,2.54656,1.04291,-0.907637,1.21944,-1.44135,1.71237,-1.13029,-0.818744,0.709403,2.90301,2.196,1.20073,1.37311,2.07386,1.34852,2.24267,0.367038,1.33654,0.822544,0.280895,-0.43618,-1.00655,-0.330762,0.514306,-0.780125,-2.53709,0.56251,0.411733,-2.21364,0.763671,-0.374102,1.31818,-1.37286,0.294284,-1.09428,0.91284,0.49651,2.23635,2.1208,0.504911,-1.29117,0.896889,-0.380937,0.856035,1.73009
1.41993,1.79293,0.446607,0.656129,-0.336708,-0.333278,-1.90344,-0.729055,-0.129603,0.363321,0.6883,0.388007,0.614302,0.028189,0.0150604,0.686116,-0.377278,-0.359129,1.30153,0.758881,0.551079,0.719084,-0.243649,0.052328,-0.254022,0.861026,-0.493913,-0.13411,-0.200876,0.440678,0.349622,-0.0783336,0.0702568,-0.363412,-0.771518,0.629738,-1.75231,-0.134221,0.325037,0.329185,-0.0815554,0.195661,-0.837578,-0.153964,0.443343,-0.378686,1.48265,-0.551115,1.67448,-1.6073,-0.546653,-0.286696,-0.454057,-0.989807,-1.29698,-1.14129,-0.0237547,0.632248,0.655203,-0.256599,-1.25847,-0.819571,-0.464335,-1.55409,1.34583,1.30821,-0.756687,-1.52936,-1.06774,0.274804,-1.6897,-1.59957,-1.24555,0.439369,0.975284,0.840703,-0.571749,-0.0787067,-0.690132,-0.0663537,-1.04135,0.316695,0.626814,-0.992491,-1.27353,0.170438,0.0179151,-1.05884,-0.197529,-0.333516,-0.194714,0.72204,-0.563626,-0.838803,-0.665798,1.58943,0.348061,-0.566723,-0.130503,-1.23365,-3.9855,-6.34122,3.85418,5.54589
-1.63969,0.123928,0.00706666,0.29117,0.859453,-0.0614103,0.520222,-0.204276,1.24856,-0.519834,0.419535,0.205313,0.899451,0.268385,-0.684768,-0.161575,-0.0229702,-0.182767,-0.883903,-1.4739,0.0653511,-0.316471,0.727239,0.502975,-0.252439,-0.832754,1.27098,-0.780116,-0.0391254,-0.479397,0.752094,0.807336,-0.984103,0.489667,0.198537,0.566441,0.637946,-0.0666009,-0.701645,-1.16655,-0.453907,0.752113,0.904714,-0.348805,-0.881092,1.10977,0.519649,-0.385265,-0.0329761,-0.499027,0.0209983,1.05746,-0.765596,1.01542,0.762973,0.46291,-0.130413,0.374594,-0.222734,0.341044,0.667619,0.26321,-1.02686,0.183253,0.232075,0.578002,0.88675,0.0536295,0.700696,0.719641,-0.456808,0.268322,-0.286507,0.230768,0.469236,-0.399525,-0.289339,0.216162,-0.660864,0.801012,0.0990945,-1.06081,0.452782,-0.260361,0.369718,-0.669406,0.0291692,0.0491255,-0.811697,0.268327,1.25332,0.550446,1.49119,0.84252,-0.665725,-0.631725,0.724617,-0.966143,0.626338,-1.14927,-2.14986,1.6659,1.36214,-2.12632
-0.0768475,0.265249,0.0807532,0.641749,-0.844212,-0.402514,1.47478,1.28183,-0.184037,1.73395,1.96901,-0.0713278,-0.173246,0.818666,1.63601,0.0613396,0.642929,1.31064,-0.896301,0.666807,0.872066,0.560873,-0.0129458,-0.675452,0.161642,0.510938,0.813412,0.509043,0.204857,0.725708,-0.0639358,-0.598948,1.14081,0.62559,1.34564,0.44722,0.390089,0.365852,0.956208,0.0330561,1.39707,0.501624,-0.0834346,-0.504087,0.281186,0.0593848,-0.100742,0.210496,-0.490871,0.415261,0.576304,-0.911661,-0.570568,0.481357,0.0611282,0.112466,-0.353143,-0.178722,-0.725671,-0.758516,-0.33052,0.516596,0.119919,0.738765,0.515974,0.567889,-1.11215,0.269728,-0.658487,0.665753,-0.355866,-0.525775,-0.592452,0.997545,-0.987306,-0.288993,0.0452764,-0.777755,0.52647,0.41347,-1.54549,-0.504914,-1.25894,-0.493773,-1.7188,-0.245204,-1.49001,-1.10107,-1.04329,-1.59788,-1.40702,-1.12891,-0.65321,-1.31734,0.564332,-0.783842,0.263918,-0.172825,0.908468,0.582591,2.26415,-2.78891,-0.63073,2.03921
-1.42121,0.232566,0.68199,0.594032,-0.783638,-0.399606,0.34889,-0.697043,-0.714791,-0.0781908,-0.519075,-1.77556,-0.208236,-0.488913,-0.907823,0.0807601,0.264405,1.16346,0.648707,-0.18391,-0.283626,-1.47603,-0.540921,-0.682158,0.497677,1.76623,0.701541,1.12126,-0.18939,-1.05803,-0.615122,-0.273173,0.93842,0.773193,-0.160593,-0.919891,-0.0673921,-0.570719,0.76964,0.213567,-0.687568,-0.914674,-0.778979,-1.14682,0.60224,-0.379644,-0.735825,0.102064,1.248,-1.68823,-0.0694036,-1.67073,-1.81058,-0.976541,0.161473,-0.844974,-0.109391,-0.633826,-0.659888,0.48706,0.60708,0.565304,0.742191,-0.0836206,0.32972,-0.927909,-0.904911,-0.371286,1.17522,1.02513,0.634459,-0.372643,-0.0586794,-0.538315,0.0801345,0.248798,0.234767,0.745939,0.934379,-1.24654,0.510949,0.98572,0.142149,-0.842424,0.452062,0.300757,0.111671,-1.10889,0.391499,0.458291,0.826168,0.904487,-0.716863,0.225633,1.05674,0.838081,-0.719711,-0.575174,-0.555576,1.06337,-0.250795,1.00604,-1.85663,-0.157355
-0.00273177,-0.131053,-0.532365,-0.694066,-0.721222,-1.48243,-0.468365,-1.30676,-0.768904,-0.785719,0.360353,-0.808002,0.387953,0.109822,1.04253,-1.57094,-0.914528,-2.22367,-1.04843,0.825737,1.57362,-1.95488,-0.0900459,0.0851724,0.914206,-0.258515,1.34393,1.97687,-1.37353,-0.297685,-1.8702,-1.3465,-0.92593,0.2819,0.278614,1.43504,0.662434,-1.07613,0.528321,0.331098,-0.355598,-1.30512,0.0172788,-0.479404,0.84383,1.07513,1.44741,0.765661,0.402599,-0.409271,-0.0876079,-0.118547,0.0415444,-0.71993,-1.03316,-1.23658,-1.74854,0.0260262,-0.765316,-0.947953,1.04414,1.23948,-0.624141,-0.522551,-0.314656,-0.909734,-0.85319,-0.487586,0.661353,-0.0540869,0.190943,1.3687,0.590486,0.305872,-0.47823,0.317385,0.934701,-0.480296,-0.535006,-0.062511,-1.72278,0.234389,-0.892638,-0.416733,0.878144,1.16521,0.469306,0.201774,-1.28895,-0.702965,-0.542467,-0.669283,0.216765,1.5699,-0.321079,-0.835606,0.613788,-0.125659,-0.0323098,-0.3724,0.546665,-0.328612,-0.242385,2.232
1.46322,-0.685591,-1.62302,-1.76528,-1.00809,0.0816339,2.58936,0.805559,0.68183,-0.113201,2.1724,-0.377393,0.503966,-1.53941,-1.74588,2.39605,1.10088,2.25451,-0.0880799,-0.820979,1.59099,0.353239,-0.52642,0.6413,-1.93287,0.114824,0.91603,-0.562662,-0.497156,-0.724484,-0.353473,-0.739751,-0.0889241,-0.276005,0.820252,-1.76569,-1.72726,0.63331,-0.382331,-1.58799,0.928586,0.199551,-1.40311,-0.108532,-1.34693,0.347506,-1.59309,0.263539,-1.63393,-1.02442,1.36812,0.494817,-0.213457,1.06175,-1.77877,-0.25534,-0.945393,-1.0431,0.823417,-0.618309,-0.152031,-1.27345,-0.265008,-0.252689,-0.00686909,0.634212,-0.621328,-1.13838,0.230754,-0.97372,0.690129,-0.0457533,-2.62993,-0.174058,-0.388694,1.06236,0.41862,-0.84776,0.187766,-0.741826,-0.14089,-0.361854,-1.88385,0.33894,-0.612375,0.437449,0.889895,0.435168,0.504844,-0.575548,0.300307,-0.00274801,0.203179,0.441387,0.113073,1.82571,1.45755,0.733755,1.91344,1.65653,-1.76397,1.21957,1.78115,0.77005
-0.82728,-0.16508,-0.126345,0.835635,0.444187,0.262129,-1.1702,-0.879997,-0.307246,1.16687,-0.0278444,1.44598,1.05549,0.277994,2.42627,-1.15614,-0.838232,-1.12645,-1.59049,0.744172,0.163621,0.45394,0.0531871,0.211488,0.205974,-1.04312,0.861423,1.94114,-0.254695,0.25336,-0.495845,0.159892,-0.27476,-0.44135,1.29261,1.2986,-0.832882,0.535404,-0.24324,1.23467,-0.586643,-2.22641,-2.12946,0.575744,0.231831,-0.937566,-1.20901,0.0212863,-2.06229,1.0842,1.64089,-0.796028,0.841784,1.8714,-2.8356,-1.18309,-0.485511,1.8643,0.854786,1.23737,-1.00453,0.230622,-0.627919,0.72655,1.2967,0.524188,1.99549,-0.0737571,0.796811,1.31116,-1.12637,-0.888094,-0.0989604,-0.993723,0.0940408,0.697376,0.843256,1.55815,1.9935,1.2689,0.569503,-0.204689,-0.279425,-0.000485445,-0.0787431,0.490181,-1.004,0.515649,0.507926,-1.59137,0.993859,0.975199,1.05493,0.57542,0.742259,-0.270475,0.538916,-1.00181,1.04799,1.0682,-1.02201,-1.20949,1.54198,-0.936903
0.117889,1.71551,1.03072,0.385391,-0.606593,-0.16392,-1.01087,1.28467,0.650268,0.535759,0.49956,0.893593,0.374764,-0.735348,-0.865355,0.0965944,1.64621,-1.52828,0.106206,1.39952,0.111914,-1.3018,0.621709,-0.735738,-0.370683,0.911967,1.6088,0.0490252,1.34758,-0.97628,0.458014,-0.524824,-1.22036,0.811017,0.0386099,-2.39881,-0.55023,-1.32082,0.969379,-0.178138,0.305823,-0.264589,-0.394933,-1.96868,-0.0412651,-2.12925,0.632708,-1.23742,1.9042,1.00111,-0.327029,-1.03363,0.734921,2.19415,-0.272409,-0.322607,-1.68429,1.20785,0.878087,-0.868263,-0.257186,0.302694,-1.10119,1.1373,0.101159,-0.349362,-0.998415,1.86682,0.651948,0.0137577,0.140864,0.00636256,0.180018,0.803282,1.51727,1.24905,0.318258,-0.376187,-0.920324,-0.188837,0.0474568,1.02422,-1.95633,-1.25563,1.48868,0.148438,0.312474,1.32801,-0.358647,0.128192,0.534708,-0.802894,0.926733,0.968331,-0.727895,0.346158,-0.309244,0.0249209,-1.1129,0.129026,0.308235,1.05583,0.887369,1.20604
-0.0647291,1.47845,-1.27863,-0.465467,0.386024,1.46339,0.466477,-1.24258,1.3407,0.258683,-0.278921,0.0720808,-1.38709,-0.196927,1.43989,-0.984233,-1.10534,-0.460731,0.854139,-0.216354,0.541364,-0.760144,-1.77745,-0.255424,-0.296274,-0.636161,1.33342,-1.4708,0.0585087,0.874535,1.40347,1.00596,0.554201,0.312056,0.111569,-0.300012,1.10941,-0.412484,0.0637237,-0.160045,-1.26046,-1.63295,0.327033,-0.549349,-2.55527,-1.87947,0.711391,0.995407,0.0687495,-0.88552,0.760453,0.0871075,0.627552,-0.250331,-0.832612,0.705907,2.44741,-0.810424,-0.64378,0.641666,-1.31453,1.53606,1.52841,1.52868,0.404898,0.496842,0.732977,-0.256144,1.09343,0.494726,-0.40274,-0.086638,-0.587318,0.4483,-1.59086,-0.909853,-0.227531,-1.44048,-2.85285,0.45625,0.999897,0.377667,0.794125,-0.416459,-0.779003,-0.256885,-0.906706,-0.47999,-0.507921,0.27245,0.301987,-0.264718,-0.189152,-0.310242,0.449658,-1.88817,-0.912057,-0.55786,-0.931145,-0.927299,1.57746,-1.50939,-0.728599,-2.10694
-0.730367,0.537015,0.364626,0.115192,-0.353095,0.583109,0.481852,-1.18225,-0.335548,-0.36353,-0.293743,-0.269694,-1.2705,0.0732359,-0.954532,-2.3887,-3.0434,-0.522384,0.391036,0.157832,-0.916847,1.23921,-0.974198,1.91655,0.164968,-0.613714,1.29172,0.163403,-0.460569,-1.08584,-0.449726,0.753493,-0.0546526,0.11647,-0.111636,-0.46792,-1.13579,0.523286,-1.27166,-1.15881,1.32913,0.436822,0.54701,-0.291353,-1.30335,-0.911052,0.231244,1.77042,0.149566,-0.600914,-1.96115,-0.281115,-0.166621,0.0601576,-1.1715,-0.777697,-0.0167039,2.12103,0.0137957,-0.546749,0.684512,-1.14513,-0.217645,-0.383659,0.857266,-0.390515,-3.16107,1.13912,0.215075,-1.57686,1.40227,0.0458739,0.303505,0.742987,-0.36405,-0.516839,1.42846,-0.936755,-0.500754,-1.11956,1.29751,0.133321,0.342912,-0.779522,-0.308761,0.746055,-0.971812,1.85735,0.120476,-0.946492,-1.05963,-0.467888,-0.336756,-0.298543,-0.294203,0.593415,-0.315129,1.35254,-1.41601,1.05266,-0.518412,1.37103,1.06588,0.416954
0.450529,0.30442,-2.25763,-0.984178,1.9409,0.87206,0.895555,1.21721,1.2682,-0.272039,1.90442,1.36641,1.16928,1.79959,0.384968,0.683843,0.140495,0.234026,-0.00268188,-0.169033,-0.828004,0.933982,1.27055,0.529823,0.879732,-0.0362431,0.172323,0.0911625,0.111604,-0.928822,-0.551275,1.13551,0.932982,0.841943,-0.225454,0.582166,0.216891,-0.231565,-0.462512,-0.179046,1.14361,0.533561,0.487543,0.347808,0.124257,0.122586,-0.543468,-0.0270197,-0.0953899,-0.639481,0.519914,0.590008,0.973223,-0.00757001,0.702794,0.0659275,-0.445612,-0.255444,-0.215805,-1.48184,0.436079,0.227511,-0.158363,0.0936888,-0.50341,-0.125313,0.0665478,-0.127324,-1.49182,-1.39863,0.849919,0.831383,0.138754,0.130503,-0.150448,-0.350118,-0.534235,-0.863878,-1.03079,-1.18271,0.807379,-0.361554,0.390748,-0.562504,-0.481697,-1.07775,-0.871124,-0.481444,-1.0817,-2.36207,-0.707533,0.906669,-1.00073,-0.642634,-1.67373,-1.64293,-0.952004,-1.21705,-1.1909,-3.2354,-10.5595,-9.19353,9.45542,8.42249
-0.242315,-0.889935,-0.344876,-0.0761031,0.117065,0.254878,1.35827,1.30677,0.213765,0.602406,0.694504,-0.359988,0.148929,-0.770041,0.223112,-1.43881,0.305498,1.47749,-0.656427,1.16243,-0.593276,2.11263,0.775693,0.0917969,-0.76145,0.805123,-0.294055,0.0131816,0.0580541,1.03529,-0.680528,0.923773,-0.0598459,0.168555,-0.346719,-0.848995,-1.61102,-0.0881922,0.582871,-0.432142,-0.340103,0.853097,0.677723,0.475042,-0.252049,-0.935683,-0.0580707,-0.629554,-0.816136,0.0178405,-2.14921,0.540532,0.0124786,0.174877,-0.651428,0.131287,-0.0986909,-0.509779,1.15104,0.0639819,-1.27476,-1.0677,0.99937,0.123896,0.399019,-0.246996,-0.229674,-0.772713,-0.240818,-0.0751612,-1.5881,0.754228,0.92887,0.310223,0.934266,1.12881,1.20925,1.59974,-0.247642,-0.0932821,-1.01138,0.333855,1.35997,0.6427,1.04387,0.894094,-0.610577,0.657527,0.894233,0.668268,-0.690633,0.132441,-0.136333,-0.597246,0.431664,-0.551796,-0.676004,1.23193,1.0797,1.21306,0.0905014,1.92028,-1.23702,-2.204
0.170004,0.571055,-0.923093,0.239841,-2.30797,0.791211,-0.187927,0.851006,-1.05743,-1.01793,-0.739211,-1.10636,-2.27192,1.44971,2.80149,0.458027,-1.86219,-0.548244,-1.38341,-0.100234,-0.60427,-0.522376,2.84218,1.13977,-0.363958,1.3074,2.52274,-0.767969,-0.757471,0.444491,2.06473,0.176696,-1.10111,0.374034,0.25835,1.28377,1.73089,-1.44096,-1.34599,1.17808,-0.243576,0.292432,-1.67047,0.135421,-0.592373,0.252339,0.0882885,1.23713,-2.04007,-0.392068,-0.756847,1.50273,2.10469,0.625742,-0.0530453,-0.623897,1.0407,0.757259,2.17123,0.0772906,-0.982215,0.325921,-0.511714,0.90203,0.124715,-0.309336,0.827238,-0.715916,-1.81319,0.55656,-0.289997,-0.869732,-0.946539,-0.249655,-0.736532,-1.14492,1.57048,1.70338,-1.41859,2.02386,1.28968,-2.30071,2.04885,-2.78811,0.126586,-2.38871,0.201805,1.20864,1.28979,1.98861,0.163982,0.279533,0.276325,1.20042,1.83533,-0.944938,-0.807429,0.455936,-0.291126,1.16869,-0.633287,0.329552,-0.554464,1.30081
-1.84304,1.11711,-0.0212799,-0.651313,0.466006,-0.633117,1.15279,1.32961,2.42589,0.170213,-1.5646,0.628231,-0.537196,-1.28484,-0.239099,0.964677,0.495712,-0.333125,2.26737,0.297121,0.461495,0.544754,0.133006,2.12737,2.59647,-1.63913,1.01882,0.680991,0.293839,0.377122,0.331731,-0.456782,-0.617423,-1.67849,0.999393,1.55617,1.14335,1.28259,0.834315,0.0296014,-0.25242,-1.18299,-0.00885558,-1.06884,0.200653,2.4413,1.12794,-0.013334,-0.744302,0.250522,-0.107396,0.886274,-1.05795,-0.968841,1.54907,-0.482308,0.747108,-0.845076,-1.54595,1.1546,0.486374,-0.299113,-0.742881,0.884984,0.0535609,2.00016,0.289464,0.432246,0.242944,-0.647398,-1.24447,0.919533,1.39779,-0.391558,-0.290973,-0.859911,1.02622,0.150722,-1.44472,0.00925164,0.654604,0.933466,1.07706,0.348557,0.456714,0.403399,-0.339127,-1.2121,0.37664,-0.338919,1.39285,-0.410444,1.47854,0.78073,-0.337551,-0.356703,0.404937,-0.450365,0.728293,1.57394,0.330753,2.67193,1.05161,1.0814
-0.189945,-0.287672,-0.280627,-1.1062,-0.919166,-0.267842,1.13988,-1.4099,-0.772224,-0.188386,0.299943,-0.176038,-0.697571,-1.25044,-0.987734,-1.27842,0.198166,1.68784,-0.552785,0.958126,-0.289944,-0.632445,-0.0940971,-2.06126,-0.780873,-1.81082,-0.467887,0.701704,-0.624322,0.347549,-0.894794,-0.952199,1.85515,0.388825,2.48056,-2.59518,0.424171,-0.564191,-1.43415,-0.0663945,-0.606459,0.149558,1.6623,1.75852,1.77475,1.96279,-1.2988,-0.522456,-1.14985,0.381569,0.607172,0.140576,0.898552,0.555016,-0.40296,1.75251,-1.42126,-1.55457,-1.25692,-0.232056,0.168273,-0.439286,-0.439277,-0.715581,0.599789,-0.401201,0.167051,0.576817,3.35585,1.16679,-1.0458,-1.80248,0.200341,0.14816,0.35194,-2.21053,1.00949,0.356766,0.584104,0.482462,0.803557,-0.266528,-1.31014,1.14644,-1.56865,-0.499203,0.204212,-0.0761732,0.982799,0.390693,0.398675,0.430829,-1.53836,-0.341152,-1.96977,-0.662199,-0.197413,-0.0636965,-0.384828,0.386667,1.46767,-1.84307,-1.07297,3.05774
-0.74381,-0.837482,-0.772823,0.666839,0.820455,0.00496988,-1.32961,-1.13438,0.634543,-0.50118,-0.759866,-1.2788,1.18432,-1.0439,-0.333236,0.262218,0.0698304,0.271039,-1.24464,0.00246531,-0.729359,0.451807,0.486785,-0.851029,-0.600397,-0.0967279,0.401706,0.267831,-0.75719,-0.076418,-0.183847,-0.455255,-0.739407,0.201394,-0.905921,-0.0191624,-1.04331,-0.349804,0.240802,-0.931621,-0.775625,0.366806,-0.866853,-0.0411663,1.04823,-0.148902,-1.65369,-0.331221,-0.409781,0.33918,0.532826,-0.0767505,0.688931,0.290643,0.808401,0.968471,-1.65718,-1.03481,-1.05649,-0.642999,0.845817,0.11284,0.63434,1.08331,0.141908,0.348043,0.882564,1.30954,-0.0311402,0.255855,0.465792,-0.325629,-0.549003,-0.561885,-0.602647,0.446493,0.751791,0.184874,-0.974419,-0.556165,-0.44066,0.0401961,0.733877,-0.719416,0.200196,-0.0117538,0.240295,0.85923,-0.773891,0.517545,-0.995144,0.783676,0.112333,-1.41881,1.24166,-0.244586,-0.403559,1.0702,-0.424237,-1.05477,-0.198024,1.11139,0.168927,-0.729292
1.92866,1.44675,0.401222,-0.948829,-0.432441,0.882958,1.1133,1.40428,1.33521,1.52617,1.11215,-0.881515,-0.602355,-0.780659,-0.0670971,0.730529,0.915478,-0.223291,0.49648,0.754051,-0.400129,1.87351,-1.80272,-1.65845,0.0502605,0.184969,-1.06361,-0.898423,0.126484,0.118157,0.767325,0.482503,1.89841,-1.76855,-1.72301,-1.04721,-2.97503,1.21555,-1.489,-1.19454,-0.903725,-0.106592,0.0764916,-0.305398,-2.35739,0.789362,0.0556664,0.77265,2.04953,1.96525,-0.041116,-1.68121,0.288416,1.19433,-1.58024,-0.203468,0.415821,0.704756,-1.00553,0.802964,0.0274924,0.430865,1.2134,2.00813,2.53032,-1.40365,0.371272,1.76116,1.3918,-1.5312,0.135159,-0.597283,0.515646,0.279196,0.603592,1.40889,0.621536,-1.00807,-0.618165,0.516604,-0.746775,-0.75636,-0.700051,-1.54446,0.622133,-1.04886,0.900874,0.675007,0.182692,-1.081,-2.81882,-2.49781,-1.73482,0.0778846,-2.01021,-0.412102,1.05412,-1.45913,0.483963,0.384999,2.12807,-2.79591,-2.62801,2.25024
0.407191,-1.45454,-2.42182,-0.886329,-1.03376,0.798054,0.230988,1.38603,-0.445346,-1.50377,-0.954087,-1.06777,1.21018,1.53265,-0.777492,0.619143,-2.1275,-0.22251,0.350782,-1.23381,-1.30612,0.173941,0.43597,-0.464455,0.230997,0.354973,-1.96358,-1.53077,-1.11747,-0.378081,-0.133147,-1.66534,-0.412909,0.599055,0.886161,0.900801,0.189449,1.86352,0.00274882,0.684432,-0.964817,-0.0337199,-0.119843,0.0927216,-0.0134929,0.540298,1.02805,-0.2377,-0.940227,1.88498,-1.0869,-0.929589,1.03316,-1.15696,-0.17054,0.46733,0.540293,1.14353,1.67687,-1.39479,-0.880997,-0.16477,-1.8018,-0.0651145,-0.321316,-0.420016,-0.154095,-0.35835,-0.537697,-0.660845,1.67754,-0.775187,-0.574408,1.16817,-0.280807,1.2446,1.13765,0.0961442,0.0192386,2.14061,0.559277,-0.819318,1.15993,-0.438292,-0.33477,1.20148,2.08829,-0.334819,-0.590834,0.818033,0.128764,0.858973,-1.17909,-0.014582,0.917164,1.15357,1.03881,-0.13591,0.0395126,2.00411,-1.34157,2.18132,-0.00545306,-3.28485
0.0306726,0.929502,0.217534,0.169923,1.2944,0.472099,0.806199,0.217882,-0.3049,-0.949507,0.492458,0.331958,-0.568419,-1.4983,0.643061,0.772701,-0.450882,0.418971,1.0857,1.39814,0.025892,-1.10799,-1.51543,0.451195,1.26727,-0.585899,0.886082,0.588188,-0.271236,0.739141,-0.469671,1.72637,1.22782,0.719081,-0.955919,0.450761,-0.79055,-0.35636,0.620031,0.478802,0.72953,0.105143,0.620331,-0.540211,0.45725,-0.7666,-0.987939,0.16674,-0.0154872,-0.0341485,-0.453132,0.356975,-0.615551,0.147726,1.68169,-0.375422,-0.82385,-0.347574,-0.902825,-1.26215,0.607725,-0.3547,1.44585,0.332049,-0.308001,-0.0635909,0.320025,1.69397,0.0613316,1.45243,0.158015,0.460692,0.0854511,0.101746,1.02632,-0.423692,0.81995,-0.499826,0.160785,0.253373,-0.75284,1.29828,-0.200102,0.1697,-0.385131,-0.141276,0.747527,-0.0339461,-1.53348,-1.00003,1.25277,-1.4391,-0.496112,-0.548811,-0.843878,0.132765,0.797741,0.757478,0.260269,1.23289,1.59503,0.800284,0.673665,-1.73894
-1.16908,0.563832,1.21641,0.714642,0.324984,1.61547,0.0511276,0.410097,1.0325,-0.0619068,-0.560918,0.62102,-0.434812,1.79644,-1.33978,-1.16601,-0.125709,1.54847,-0.00438894,0.462037,-0.676349,0.339674,1.32298,-1.68687,0.0993373,-0.0997042,-0.0427615,0.553519,1.07084,0.446636,0.883926,0.206976,1.5886,-0.121775,-1.07532,-0.0254467,1.42394,-1.5761,-0.623635,0.105981,1.22868,1.50161,1.82908,1.60091,-0.670838,0.299463,-1.52615,-1.72551,-0.568096,-0.210336,0.91876,0.593999,0.590862,-2.517,-0.999619,0.547188,1.73315,0.329593,-0.355331,-0.388172,-0.541611,0.095422,1.57023,2.46642,-0.0274855,0.0587646,1.77691,-1.01644,-0.164086,0.065701,-1.55141,-0.839198,1.17558,-0.675324,-0.703866,0.160333,-1.86043,-1.07065,-1.74655,-0.528355,1.10618,-0.667319,0.369015,-2.38932,1.81377,-1.71395,-1.45547,1.39532,-0.757743,0.327368,-0.766645,-0.477175,0.654142,-0.0151812,0.359416,1.3044,0.569048,-1.44985,0.48106,0.256221,-1.0533,-0.868598,-0.0128327,-0.27796
-0.342594,0.76406,0.0191658,0.114571,0.705192,0.375332,-1.31746,-1.03151,-0.515079,0.635401,-0.564868,1.32684,-1.29729,-0.445761,0.180523,-0.288561,-1.19853,-1.96902,-1.78686,0.739629,-0.283219,-1.23325,0.63845,-1.83918,-1.11658,1.93487,2.69607,1.33529,-1.4453,0.889057,-1.53375,2.41584,1.9308,2.72991,3.09423,1.10139,1.2622,1.91926,1.04971,-0.817133,-0.299988,0.372857,0.416856,0.596983,0.76402,1.11542,0.0784062,-0.578204,-0.662922,-1.99219,-0.64988,1.03386,0.096104,0.153966,0.48555,0.480559,1.10424,-1.04044,-2.02301,0.805008,-1.09254,0.697719,-0.485613,-0.0998507,0.687394,0.228192,0.299852,-0.595315,-1.78164,0.171688,0.455112,0.69401,-0.165505,-0.298604,-0.9404,-0.57469,-0.767988,0.636922,-0.183436,-1.25386,0.0966815,0.954454,-0.784884,1.34223,-0.403568,1.05886,-0.856431,0.611757,-0.151133,0.408731,-0.838448,0.0990749,-0.728883,-0.80288,-0.537147,-0.896017,0.717762,-0.756025,-0.354522,-0.540422,0.330445,1.08775,-0.494139,0.930628
-1.74985,0.572552,-1.9206,2.34066,-0.499388,0.164474,-1.23454,-0.0560798,-0.231492,-0.519393,2.23508,1.53354,0.838813,0.551912,0.35302,0.565691,-0.771506,0.598772,0.585541,-0.436081,-0.278855,0.23854,-1.80095,0.896116,-1.00552,-0.772977,0.383748,0.253163,2.06965,1.29567,-1.09017,1.06225,-2.18917,-2.38589,1.77041,2.07157,-2.81452,0.593895,1.10253,0.489861,0.0044952,1.7592,-2.61861,-1.81956,-0.159329,-1.52876,-0.544563,-0.431293,-1.06758,1.7394,1.24377,-0.409361,-1.32419,-0.092657,-0.593371,0.278095,1.00571,-0.700438,0.297478,1.30473,-0.314565,2.12157,-0.638134,-0.702605,0.311722,0.061449,0.150712,0.27271,0.544617,-0.718778,-0.481209,1.17874,-1.18877,0.455821,-1.66559,1.59386,-2.04999,0.523948,-0.119308,-0.377378,-1.31665,0.748304,0.192611,0.309627,0.689049,0.61876,2.12708,-0.260016,-0.854129,-1.06226,-0.960537,0.846354,1.52223,-0.0869189,-1.41993,-0.0164634,0.405463,0.740541,0.146675,1.46194,0.966259,0.0866969,1.35021,-1.2412
-0.717382,-1.07529,-1.77557,1.28403,0.892705,-1.67973,-0.317555,-0.878352,-0.0376456,1.26429,-0.824243,-0.81898,-0.934094,0.220231,1.62583,0.2706,-0.00957935,0.0805618,-0.52498,0.7179,-0.774612,-2.11963,0.958595,0.0452498,-2.20543,0.371708,-0.434797,0.530342,-0.14906,0.15508,-0.648252,0.366613,0.620921,-0.85641,-1.49458,1.53068,0.548261,0.162943,-1.30779,-0.197669,0.112285,-0.682972,-1.43496,0.362612,1.26819,-1.35477,0.859417,-1.15885,0.148696,-0.0305,0.718911,-0.269062,1.34377,0.613565,-0.734803,-1.56025,1.52983,1.21586,1.33963,0.37008,1.13011,-0.0294867,0.618811,0.594384,0.113698,0.0667322,-0.84312,-0.532381,-1.01297,1.20575,-0.693948,0.623761,-1.45255,-1.32859,0.978788,1.63195,0.784002,-0.119893,0.443642,1.21914,0.701288,0.306896,0.772707,0.547812,1.02742,2.03008,0.537541,0.866923,0.279299,0.62405,1.09499,1.55989,0.00738939,-1.59178,-0.343713,-0.288656,-0.576769,-0.376888,-0.0583531,-1.72937,-0.129069,-1.6689,-1.18573,-0.902215
0.569422,-0.067851,-0.962492,-0.889747,-1.74808,0.0217125,0.608436,0.267355,-0.0151027,-0.00412839,-0.746772,-1.11634,0.325192,0.500457,0.346548,1.5634,-1.16526,-0.604147,-1.50612,-0.454491,-0.462328,0.0667721,0.384218,-0.848943,0.957366,-1.52746,0.183044,0.430387,0.323303,-1.08333,0.515758,0.136607,0.529025,-0.198696,0.691904,-2.16865,-1.47542,0.352029,-0.296038,-0.552381,1.35568,0.876376,1.78436,0.11965,0.142735,-1.03952,-0.859009,-0.993977,-0.00994985,-0.261446,0.928962,0.191246,0.540303,2.32458,0.648284,-1.17066,1.00224,0.166187,-0.572953,-0.714533,-0.923697,0.604574,-2.01964,1.28902,0.772445,-0.901519,-0.791373,0.524265,-0.538938,-0.320991,0.128357,0.851838,0.845998,0.664664,1.04963,0.251889,1.69612,0.468968,0.343368,-0.110341,0.812355,-0.258528,-0.950576,1.78625,1.12228,-0.474414,-0.975655,-0.0399617,0.817765,-0.933131,0.898653,-0.355449,1.03943,0.0606251,-1.45585,0.635807,0.234774,-0.840088,0.89182,-1.66598,-0.114912,0.117801,0.499676,0.833724
-0.297705,-0.399835,1.42165,0.771095,0.36628,-0.872671,-1.71468,1.30103,0.874592,0.730858,0.853945,0.416417,-0.0628905,-0.224386,0.0557984,1.48002,-0.815997,0.791472,0.645977,-0.350239,-0.236973,-0.373498,-2.53006,-0.812733,0.362087,-0.241898,-1.51844,-0.252911,0.890083,0.036034,0.0500985,0.202104,1.97524,1.20997,0.410086,-0.352996,-0.991489,1.65452,0.676965,-0.429497,-0.460139,-0.42724,-0.648397,-0.427086,1.18523,0.358961,-1.04839,1.27971,0.435863,-0.180126,0.912385,-1.03314,0.88139,-0.21489,0.137608,0.577279,-0.24022,-0.18725,0.113515,0.269423,-0.435664,0.234812,0.830798,-0.487763,1.0182,-0.238848,-0.100259,-0.213271,-0.550301,1.09733,0.677941,-0.772087,0.438879,0.19395,0.223207,1.24387,1.48982,1.31538,-0.19494,-0.258375,0.469045,1.84199,-0.33406,-0.709584,0.261754,0.017678,-0.0698411,0.765952,0.265123,1.37299,-0.481502,0.165845,-0.541702,-0.162401,0.766895,1.28716,-0.480347,0.941867,0.384727,1.62945,1.04266,-1.21502,1.6276,0.161846
0.687768,1.50494,-2.65641,-1.21492,-0.353703,0.376431,-0.633011,1.06277,0.705143,1.56261,1.76199,-1.72776,-1.55301,-0.0757138,-0.465589,0.353299,-0.1818,0.708339,2.4538,-1.10387,-1.09141,-1.30292,-0.472204,-0.367338,0.227227,0.463753,1.62042,2.09684,-1.69144,-2.24817,-1.22129,0.28793,0.60261,0.461805,0.877161,-0.286388,0.86242,2.6578,-1.28344,-0.914189,-0.934634,0.00841555,-0.730722,0.894423,-1.33827,0.371605,2.17613,-1.22105,-2.16857,0.0790353,-0.0191491,0.466366,-1.21609,-0.91795,0.154777,1.09529,-1.1844,-1.78387,-1.0281,-0.0251705,0.874597,-1.76415,-1.87259,-0.848663,-0.786782,1.12368,-0.287408,0.586554,-0.00896156,-0.162479,-0.329509,0.407895,0.392979,-0.570524,1.02379,-1.81892,0.641778,-0.533552,1.09985,0.586174,0.0121384,-0.0894639,-0.0417994,-0.490479,-1.51859,0.37749,-0.100985,0.972213,-0.213185,1.13217,0.488712,1.61471,-2.19542,-1.424,-0.385741,0.940439,-0.235374,-0.505042,0.744832,1.11682,-0.642058,-0.18885,-1.11215,-0.349228
-0.043464,-0.0508524,0.664411,0.854852,0.628109,0.485502,-0.821578,-1.66426,-0.615076,-0.599381,-0.30677,-0.696531,-0.802579,0.276711,0.152126,-0.0795212,0.13232,0.224225,-0.364399,0.520886,0.564491,-0.188548,-0.444996,1.7204,0.154628,1.66174,-1.28267,-1.05403,-0.281835,0.177783,-0.983482,-1.85648,0.569365,1.04512,0.324866,0.772814,0.688642,0.56415,-1.56066,-0.142846,1.32447,-1.79248,-0.968285,1.42728,0.309175,0.529364,1.15556,0.0284634,-1.70956,-1.7386,-0.0580702,0.702823,0.417647,-0.862927,0.346581,0.00200465,0.968197,1.2709,-0.191801,1.01194,-0.619106,-0.261106,0.600327,1.66251,-1.04374,0.915123,1.01516,-0.16746,-1.04785,0.337714,2.00259,0.564489,-0.0685697,-0.0419495,-0.131451,1.7455,0.738576,0.675635,0.861413,0.557747,-1.6007,-1.12235,0.525983,1.57982,0.791925,2.286,0.109848,0.68378,1.17781,-0.055207,1.15371,-2.30235,-0.381807,1.01876,-0.687485,-0.234466,1.11739,-0.289122,0.62855,-0.468625,-1.1018,-0.0883155,-2.56501,0.991003
0.440743,-0.63196,-0.589988,1.0751,-1.28465,-0.847762,-0.164128,-0.177017,1.29425,1.03806,1.00259,1.61873,0.118935,-1.10069,-1.48533,-1.33293,-1.5326,0.0521592,0.344093,0.0454599,0.383284,-0.0780757,0.786376,0.906806,0.817039,1.98666,0.654844,-1.44083,0.451234,0.504855,0.878698,0.21215,-0.0902952,-0.164944,0.724098,-0.595558,0.084224,-0.731616,0.788851,0.498836,0.0263682,-0.638372,0.209862,0.966228,-0.797348,0.74151,0.604588,0.622002,0.715868,0.0465791,1.54823,-1.04291,0.228109,0.742378,-0.00561952,0.808132,-1.54432,0.1238,0.146136,-0.688414,0.382123,-1.54952,-0.673721,-0.0346946,-0.329702,0.323898,0.365796,-0.198323,-0.145521,0.366561,0.039979,0.0893941,-0.352154,-0.616779,-0.374463,1.55836,-0.562838,-0.58514,0.23453,-0.937365,0.112848,-1.61413,-0.189191,-0.430453,-0.559513,0.753559,-0.612594,-1.70257,-0.347101,-0.169319,0.0796872,-1.06608,-0.0464682,-0.847174,-0.27303,-0.464108,0.808759,0.603351,-0.158835,0.85288,0.558377,0.316015,0.318269,0.290681
-1.00557,-0.463866,-1.38848,-1.46733,-1.76902,-1.45084,-1.26568,0.213294,0.520746,-0.282122,-0.996299,-0.744888,-0.449141,-0.701481,0.466339,-0.0763242,0.10452,-0.359557,1.26082,-1.66214,-0.987504,0.552734,1.0132,1.0798,0.356794,0.560154,0.567682,-0.863867,0.218353,-1.20898,-2.60467,-1.98119,-1.4037,-0.712656,-0.143233,-1.5609,0.263551,-2.07321,-0.466426,0.670869,-0.263172,-0.680071,-2.12888,-0.803534,-1.95534,-1.60954,-1.39996,-1.00139,-0.383647,-1.14262,0.109406,-0.420564,0.0576079,0.194905,0.144925,1.61242,1.22273,1.79296,0.850066,-1.70047,-1.39541,-0.528683,-0.445588,2.17484,0.977372,-0.180485,1.28613,0.462554,1.69908,1.10847,-1.20492,-1.20696,-0.275019,-1.06239,-1.38662,1.25546,-1.16521,0.179686,0.933092,0.847063,-0.364213,0.538776,0.476049,-0.267641,0.115194,0.746225,-0.0690979,0.96137,-0.882284,1.03978,0.0565693,-0.237863,0.945893,-0.186449,0.362154,0.0029139,1.13322,0.703512,0.21638,-1.46291,0.0472016,1.54714,-1.03391,-2.22141
0.191994,0.184482,0.0287526,-0.129686,-0.916937,-1.13629,0.211166,-0.339543,-0.320203,-1.04635,-1.56757,0.0837769,0.205083,0.0655836,-0.763533,-0.622849,1.08665,0.941918,1.85585,-1.46062,1.14392,-0.47221,-0.602832,1.07758,-0.418243,0.603972,0.142987,-1.58351,1.3299,-1.21431,0.845468,0.525429,0.0385314,0.0558233,-0.258106,0.696974,0.281239,0.213281,1.03399,1.51929,0.830245,0.124896,1.34702,-0.316482,-0.742217,-1.52856,-0.142738,-0.659183,1.04513,1.279,0.473496,-0.332156,-0.895088,0.552658,-1.77537,0.202172,0.172718,-0.262724,-0.077757,0.618939,-0.403518,1.03375,-0.130113,0.0175562,0.139914,-0.0154142,0.228775,-0.436594,1.47618,0.13322,0.357033,0.236897,-2.00569,0.514855,-1.79545,-1.42106,-1.1135,-0.109215,-0.841881,-0.183613,0.430506,-0.872714,0.0947808,0.116876,-0.931244,-0.744616,-0.0974296,-0.0821411,1.44553,-0.391466,0.934646,0.338535,-1.5184,-0.752722,-1.27528,0.912693,-1.28111,0.229071,0.578101,-0.32008,1.75653,-1.82493,0.405601,-0.0880578
-0.287972,-0.374596,1.09018,-1.22647,-0.864286,-0.457455,0.866621,1.92777,-0.280141,-0.767304,0.195627,-1.05589,2.25814,0.957901,0.817995,1.14624,-0.965484,-0.798063,-0.823365,-0.971619,-0.127626,-0.29555,-0.741655,-0.595006,-0.357823,-0.442317,-0.728459,0.937837,-0.889108,0.00503501,0.981439,-1.16419,0.932843,-0.58152,-1.33834,-1.32814,-0.178226,0.572284,1.106,0.0208373,0.795467,-1.26557,2.23432,-0.995069,0.115988,2.15779,0.333917,1.49586,-0.271105,0.292453,1.24752,0.611572,-1.15617,0.787117,-1.46489,1.09773,-0.305213,0.739324,1.71296,-0.749661,-1.02509,-0.269808,0.289346,1.04246,-0.513554,-0.119466,-0.372254,0.802059,-1.29458,-0.0587585,-0.834177,-1.30221,-0.371208,0.0226965,-1.00522,0.47257,2.1124,1.23613,0.25176,1.53496,-1.67066,-1.27308,1.38201,2.07129,0.766409,0.435048,-2.08193,1.46895,-0.168739,0.262273,-0.085741,0.220497,-0.45679,-0.343105,0.195526,-0.251545,-0.544155,1.20971,1.28924,0.960759,-0.564294,0.434299,0.159702,1.19656
-1.41392,0.397729,-0.169927,2.78798,-0.328113,0.648355,0.311328,1.19017,1.01119,-0.542763,-1.77522,1.11459,1.48506,-2.33965,-1.21724,0.31107,0.770951,0.0621986,1.5277,1.44221,1.72867,1.81003,0.594322,-1.2181,1.15551,0.310688,0.748702,0.252506,-0.135427,-0.395496,-0.383629,-0.60255,1.92843,-0.636685,0.982082,-0.517983,-1.51241,1.30786,-0.180568,1.68595,0.293454,-1.22593,-0.00884141,-1.19829,1.83031,0.0898565,-0.135464,2.05832,1.67427,-0.224225,-2.04083,0.42707,1.42256,-1.34585,0.107219,-3.17904,-1.63231,0.65792,0.457328,0.116486,-2.3462,0.667718,-1.32662,0.217,1.49552,-0.191967,-2.70405,0.0832244,0.746878,0.549796,-0.169305,-1.10331,-0.706063,0.0884324,-1.09008,-1.03747,-0.488126,1.42523,0.101453,-1.33674,-0.366686,1.03161,1.66902,-0.957832,-1.36323,-0.344222,0.838579,0.163848,1.25001,0.1998,1.22789,1.2845,0.782715,0.444924,1.14344,-1.08268,0.670159,0.667128,-2.11482,0.251009,-0.663405,0.319771,-2.13502,1.43198
-0.383631,1.27726,-0.302605,1.40199,1.00236,-0.102452,-0.230857,-0.518821,-0.356624,0.972106,0.0236277,2.05743,0.77541,0.774612,-1.05842,0.785658,-0.720514,-1.22441,-0.922283,0.961616,-0.534901,1.37949,-1.25845,-0.690788,0.0880983,0.404163,0.678944,1.70462,-1.30888,1.13172,0.12483,1.55158,1.2347,-1.04484,0.213715,0.034746,-0.256002,1.94257,1.39753,0.641245,0.33544,0.579118,1.13601,-1.31498,-1.54423,-0.0490379,-0.206887,-0.95861,0.77229,-0.473228,-0.252782,0.0829101,2.22409,-1.80335,0.0620864,-0.138701,0.409461,-0.0779144,0.566076,0.891915,-0.394869,0.707899,-0.486695,-0.354689,-0.324553,0.15196,0.49547,-1.07028,-1.06245,0.602191,-0.144198,-1.80013,-1.33026,0.116077,-0.0263636,0.100655,-0.0265337,-0.0607381,-0.0202293,-0.125434,0.513686,-0.322906,-0.642272,-0.987919,-0.420232,-0.830981,-0.322621,-0.338242,-0.406139,-0.0187825,-1.58415,-0.35162,-0.813951,-1.64299,-1.79381,-1.27551,-0.496437,-1.79501,0.125476,1.03328,1.64588,-2.80963,-1.66604,2.01334
-0.0565916,-0.304084,1.74698,-0.850404,-1.43863,0.0605369,-0.368049,0.120158,-0.138488,0.536533,-2.31032,-0.419952,0.0724364,1.4653,0.528781,-0.685813,1.35552,1.40781,-1.37809,-1.52697,-0.66067,0.213433,-0.0802457,-1.72816,-1.0525,-0.445244,1.02725,-1.74093,-1.00388,1.49323,0.493004,1.13875,-0.110882,0.996297,0.510947,-0.138602,-0.38763,1.31495,0.164198,-0.0606064,0.0682682,-0.960544,0.538699,-1.09827,-0.922137,0.24177,-0.289438,-0.166611,0.013444,-0.20962,-0.360991,-1.43989,0.329972,0.372881,-0.468606,0.84458,1.0807,0.202344,0.00200732,1.39699,-0.921848,-1.54743,-1.03308,0.0231957,-0.566517,2.27347,-1.52147,1.58,-0.386041,-1.02023,-0.765645,-0.697726,-0.77593,-0.562901,0.574335,1.18656,1.60686,-0.326004,1.08711,1.61666,-0.0855263,0.118327,0.0987582,-1.11138,-1.29888,-1.2447,-0.584792,-0.485469,0.333502,1.05014,-0.120325,0.0210461,-0.692569,0.79642,1.36498,-1.04356,-0.61466,0.77002,0.42674,-0.0693081,0.848062,0.953418,-0.979577,-0.59405
-0.15205,-1.48531,-0.380964,0.1993,0.639001,-1.14123,0.651655,0.226391,2.70081,0.483657,-0.490055,-1.79633,-0.644206,1.3721,-0.168231,0.938241,1.61412,0.352082,1.24571,1.46603,-1.34389,-1.74486,-0.571739,0.858581,1.06984,0.512056,-0.13853,1.6351,0.806681,0.0441116,-0.573101,0.423127,-0.460838,-0.0584476,-0.720362,1.30417,-0.399281,1.74195,0.0423352,-0.659753,-0.280187,-0.638319,-0.4194,1.1623,0.0678728,-1.44641,-0.189075,-0.138768,-1.94243,1.321,-1.4722,0.781099,0.229678,-1.28998,-0.39143,0.312643,0.815653,-0.56849,-0.165018,-0.905962,-0.214683,-0.40365,0.267699,0.572937,0.820787,-0.706751,1.53275,-0.265339,-0.0539174,-0.787146,-0.715178,-0.952847,-0.405511,1.29112,-0.349421,-1.87903,0.675927,-0.772035,-0.147206,-1.46601,-0.243718,0.218209,-0.430474,0.0452128,-0.131757,-0.696456,-1.48343,-0.463828,-1.29143,-1.11995,0.446561,0.0872993,0.628571,-0.274231,-0.896524,-0.676351,-1.25128,-0.088846,-0.911457,-1.3702,2.5855,2.03762,-1.28551,3.03382
0.238635,2.09274,1.33194,0.738445,0.732953,0.851272,-0.0851028,-0.671406,0.612336,0.360757,0.262785,-0.48809,-0.859056,1.46191,0.0592612,1.05497,1.44519,-0.205986,-0.932921,-0.251974,-0.183155,-0.491706,-0.376571,-0.82997,-0.685571,0.137908,-1.76894,0.211368,0.329282,-1.69257,1.20595,0.371206,0.739245,-0.776615,-0.669158,-0.262104,-0.599631,0.112217,-1.28353,0.206011,1.1999,0.850373,-0.862125,0.952624,-0.0245252,-0.405833,-0.0372366,-1.06796,-1.58685,-0.976239,-2.22752,1.31848,1.72477,1.45211,-0.640047,0.885157,1.36021,0.337501,-0.25364,0.6403,0.286201,0.98269,-1.63976,0.93593,-0.185448,0.165368,-1.10227,-0.433604,0.771699,0.246948,2.05895,0.405215,-0.159963,0.456853,1.15784,0.627241,-0.8471,0.471856,1.99118,0.205708,1.48009,-0.135265,1.3924,0.196557,0.852531,1.46521,-0.088636,-1.14602,-1.31098,1.05204,1.20722,0.491226,-0.553943,0.577054,-1.52235,-0.823559,0.788909,-1.11868,-1.48041,1.26381,-3.07395,2.59987,2.09672,-2.27744
-1.17398,-0.943363,-1.5582,0.122428,1.17492,-0.403182,-1.72909,-0.58436,-0.486843,-0.091273,-0.201987,-0.253147,-1.49446,-0.478533,0.562867,-0.441855,0.2448,-0.75305,0.716263,1.22036,0.72458,-0.1308,0.870201,0.307592,-1.52662,0.60592,0.208804,-0.783241,1.5766,0.924173,0.758486,-0.620151,0.200035,0.14738,-1.62213,0.600221,-0.1212,1.31333,-1.45664,1.2594,0.436312,0.267734,-0.910239,0.251758,0.272138,-1.63654,0.452847,0.086736,-0.348411,0.247995,1.80375,0.364412,2.31163,-0.457247,-1.27739,-0.747681,0.463853,0.824055,-0.944021,0.287643,0.734978,-0.900474,-0.400571,-0.230413,-0.0832764,-0.40383,0.999908,-0.765221,-1.17836,-0.125947,-0.859793,0.862692,0.1053,0.691824,0.595941,-0.368178,0.670815,0.525286,0.455068,-1.05249,0.227937,-0.36591,-0.421743,1.15276,-1.01559,0.79656,0.249856,0.536904,-0.475151,-0.402888,-0.734376,-1.42369,-0.505133,-1.4383,0.233364,-2.0248,-0.341418,0.600161,-1.45311,0.371073,1.01003,0.443729,-0.309261,1.0084
-1.34258,0.943497,0.692246,-1.24085,0.000113915,-1.37645,-0.375558,0.941195,0.152713,-0.371308,-0.0313621,-1.23949,0.130638,-1.33706,0.253329,-0.484939,-0.0322572,1.22705,-0.392013,-0.713871,-0.407379,-1.89519,-0.323804,0.111518,-0.615184,-1.47733,3.04346,1.61082,0.313553,-0.18556,0.672975,-0.290078,0.548268,0.272795,0.148177,-1.29898,-0.942106,1.68614,0.1039,-0.491245,0.51934,-0.491762,-0.671354,0.523955,-0.694897,0.768453,-0.952056,-1.51623,0.341669,0.40747,-1.52907,-0.429903,-1.84718,-2.01612,1.60853,0.835416,-0.982459,1.39233,1.21016,0.324182,-0.0977959,-0.802268,-0.140818,0.993413,0.0418708,1.09006,0.0853146,-0.567711,1.21761,0.282718,-0.933469,-0.57321,0.0388407,-0.202852,-1.07549,-1.5336,0.269578,-1.3552,0.293158,0.576322,-0.00836044,0.295561,-1.21401,-1.10211,1.65747,0.314606,2.10448,-0.0260599,1.4794,-1.60063,-0.334709,0.00795039,-0.820843,-1.4365,1.21873,0.710561,0.583106,-1.18422,0.764027,-1.2538,-0.125558,-1.06989,-0.0612225,1.16347
-0.121438,-0.864803,1.45123,-0.635957,0.619325,1.55168,0.132308,0.0463037,-1.56786,1.01725,0.644938,0.598242,-0.75161,-1.29617,1.2668,1.08664,0.146987,-0.800733,-1.4749,0.20805,0.531788,-0.0989482,-0.441135,-0.342757,-0.844266,0.979984,-0.447207,0.949386,-1.02053,0.653303,0.84995,-0.992976,-1.7495,-1.26955,0.535991,-0.272682,0.709242,-0.21556,-0.909132,0.49374,1.26453,-0.640913,-0.396677,0.452153,-0.633539,0.421843,1.49177,0.722671,0.497355,-0.39863,0.487955,-0.902214,0.826713,-0.653852,-1.69202,0.47534,1.53178,0.0483658,-0.852995,0.176433,-1.03105,-0.213283,-0.457977,-1.14822,-0.223486,0.575111,0.313256,-1.54242,-1.55988,0.568283,1.04716,1.01461,0.686631,-0.810355,-0.619338,-0.0843136,-1.4669,-0.227724,0.836368,0.118216,0.530787,-0.635508,0.298634,-0.406498,-1.49415,1.83934,-0.338542,-0.339036,-0.661367,1.32208,-0.662981,0.136064,0.531386,0.559855,1.04181,1.37722,-0.491101,1.02849,-0.0552578,0.194605,-1.08924,-1.49367,-0.411479,-1.09247
-0.913508,-0.802167,-0.211216,0.297064,0.704304,0.218784,0.781147,0.222578,0.702029,-0.223889,-1.22478,-1.33998,0.79789,0.338624,0.274908,0.355604,-0.446962,-1.03072,-0.455958,-0.372527,-1.16101,-0.109347,0.00487032,0.393525,0.133608,-0.268932,-0.881365,0.490268,-0.897065,-0.339898,-0.0974305,-1.34469,-0.44186,-1.30434,0.651606,0.647637,0.726992,1.21238,-1.06654,0.978776,0.0654123,-1.80542,-1.36689,-1.84507,-1.36689,-0.788942,-0.00305066,0.0206378,0.426439,-0.799539,1.15234,-1.75251,1.01275,-0.262894,1.46138,-0.08374,-1.28505,2.18282,-1.15466,0.710316,0.909903,-0.806956,0.790547,0.570557,-0.651739,2.00932,-1.17451,-0.87979,-0.0155639,0.483141,-0.656139,2.15958,1.06649,0.243278,0.885272,1.36831,-0.914352,1.17212,0.811067,-1.16663,0.423209,0.44626,0.539617,-0.18038,0.335762,0.349457,0.699473,-1.1592,-0.359141,0.67019,-0.509813,-0.803377,-0.121481,-0.736387,-0.581727,-0.985415,-1.95724,-1.90939,-0.669253,0.509924,-0.875474,1.09543,-1.12229,0.660954
-0.405267,1.1769,-0.595787,0.387017,-1.65968,0.896574,-0.98119,0.508391,0.738315,0.381018,-0.17546,-1.30212,0.701983,-1.8111,0.0648697,2.19483,0.402729,0.446914,-1.46058,-0.949283,-1.22043,-0.579549,-0.318574,-0.106867,-1.10979,0.567038,-0.705711,0.665099,0.144731,2.85572,-0.75968,1.36007,1.02054,0.0425676,-0.223723,-0.445223,1.66241,-0.125761,-1.02672,-0.889125,0.268374,-0.210642,1.22116,0.961831,-0.317102,0.367678,-0.8993,0.208526,-1.73157,-1.43055,1.44258,1.61029,1.31231,0.644172,0.596449,-1.96424,-0.0651165,-0.763526,-0.410818,-1.46752,-1.97578,1.73146,2.62857,-1.08035,-1.01741,0.812127,-0.112503,-0.249521,-0.341306,0.794891,-1.22814,-2.0708,-0.57097,-0.103546,0.41124,2.61663,0.86067,-0.0297027,0.0022073,-0.564849,-0.621363,0.214476,-0.954184,1.22428,-0.3658,-1.63352,1.50841,1.03693,-0.941412,0.462023,-0.0739156,-0.507452,0.411382,-0.573336,0.445124,0.601994,-0.00882441,0.927887,-1.37563,0.306354,-4.55905,1.088,2.76764,-0.391941
0.656866,-0.108629,0.756981,0.386725,0.606424,0.201653,0.495882,0.747993,0.52678,0.161897,-1.23111,-1.05313,-1.21299,-0.787734,0.481862,0.249633,0.875027,0.847036,0.435389,1.2317,-1.24048,-1.40559,-0.149558,-0.483701,0.134795,-0.462369,0.173676,1.43138,1.00919,0.0372064,-0.966133,-1.17033,-0.455989,-1.12271,-0.732446,0.614437,-0.707004,-0.132128,0.194077,0.0814569,0.782784,1.77784,-0.763337,-0.314087,-0.0276462,0.866101,0.137261,-0.722252,0.065727,0.0244571,-0.385781,0.463273,-0.0647959,0.392693,-0.390273,2.12743,-1.38013,0.109901,-0.969937,0.558716,0.864492,0.318055,-0.484446,-0.724813,0.592504,-1.13903,-1.42081,0.55996,0.989996,1.59892,0.0471145,-0.924506,0.225871,-0.219225,0.234614,0.52524,-0.651679,-0.570778,-0.61802,-0.592759,1.06799,-1.78275,0.298088,-1.49699,-0.0748553,2.02395,-2.6224,-0.758567,-1.32955,-1.16829,0.145323,0.163229,-0.197398,-0.760456,-0.25573,-0.122319,0.00747531,0.883586,0.890713,0.414346,0.663804,-1.49377,2.05607,1.51556
0.317445,0.165648,-1.21219,-0.744013,0.664427,-0.476932,-0.491618,-0.143421,0.215478,-1.02334,0.917473,-0.0106462,0.657692,0.313503,0.645787,-0.437508,0.989225,-0.532166,0.157188,-0.053641,0.53017,0.369446,-0.279819,0.956029,-1.04774,-1.40612,1.00848,-0.589676,0.604847,0.780279,-0.769297,-0.109895,0.389901,-0.280993,-1.51031,-0.0446918,-0.397947,-1.21295,-0.292909,-1.95837,-0.579714,-0.13329,-0.451879,0.493348,0.7935,-0.0498708,1.49999,0.0548291,-1.46119,0.141251,-1.38229,-1.18589,0.355721,-1.53372,0.167791,0.79485,1.28501,-1.61721,0.936488,0.943962,0.596924,0.789276,0.546059,0.989777,-0.948551,0.611468,-0.17364,0.715313,0.706349,-0.00187694,-1.15377,0.484726,0.60549,0.553485,-0.574218,-0.0564722,-0.608546,0.360851,0.97172,-1.27001,-0.222255,0.310932,-0.436631,-0.299327,-1.06268,0.273142,-0.111428,-0.508451,0.652189,-0.204637,-0.569174,-0.138435,-0.811356,0.0801871,0.310865,0.085361,0.630546,-0.590114,-0.0881975,-0.585422,-1.75029,-0.562272,-2.06818,0.404935
1.08956,-0.904053,0.254515,-0.147287,-0.418525,-0.269597,0.173994,-1.23103,-1.09364,-0.0484529,1.28652,-0.450694,-0.997575,-1.03098,-0.187568,-1.93543,0.272775,-0.538759,-0.0502955,-0.317495,0.408324,-1.10314,1.50598,-1.38199,-0.587601,-1.23539,0.869269,1.86693,-1.07849,-1.21521,0.680289,0.159835,0.108141,-1.08412,1.86491,1.26511,0.102849,-0.65286,-1.00268,-0.174523,-0.755596,-0.189444,0.697231,-0.275061,-0.0736099,1.3354,-1.0712,-0.12546,-2.24772,0.276552,0.430935,0.179141,1.3136,-0.515948,-0.797143,-0.94249,1.37411,-0.856961,1.85443,-0.334847,-1.77424,2.6527,0.0441745,-0.335362,0.826171,-0.23365,0.0857165,-1.77221,1.27537,0.63063,0.896536,1.91229,0.411071,-1.47629,-2.1025,1.82768,1.83005,0.216556,0.773872,-0.110749,-0.773074,0.0890925,-0.13743,-0.838072,-2.38291,2.55673,0.522102,0.459936,-0.350757,0.0097999,0.359375,-1.13858,-1.21542,-1.66542,0.514745,-0.354241,1.17154,1.04883,-0.331626,1.21893,-0.124741,-0.716306,1.51679,0.924834
-0.155645,-1.09284,0.352302,-0.351578,0.916565,-0.191011,0.28562,0.570672,0.925191,0.890543,-0.638746,-0.254818,0.117296,0.737656,0.0370259,-1.15634,1.66561,-0.262241,-0.541248,1.3394,-0.419989,0.327667,-0.488925,1.54358,-1.5366,0.437253,-0.819811,0.159974,-0.306017,1.73765,0.749528,0.421156,-1.59772,-0.638509,-1.31508,-0.447326,-1.6433,0.158695,-1.1509,-0.544853,2.12956,0.87183,-0.944764,-0.650216,0.167247,0.882572,0.0408598,-1.16013,1.06246,0.220895,-0.349067,-0.288754,0.225381,-0.265903,0.924752,0.109524,-0.136368,-0.7355,0.182242,-0.71409,0.481263,1.4207,1.78053,1.46166,1.74215,-0.097114,-1.37709,1.10484,-1.43305,0.0569454,-0.30015,-0.313019,0.203634,-0.47916,0.504454,-0.722107,0.244975,1.68643,-1.48762,-0.776512,-1.96151,-1.69098,-0.660384,-0.462972,-1.05158,0.0222692,0.702864,-1.11516,1.19768,1.96553,0.314588,0.211159,0.914033,-0.623111,0.429581,0.947416,-0.171223,1.1169,-0.966021,-0.929479,-1.19494,-0.525987,0.373944,0.60541
0.286184,-0.422902,0.182191,0.708777,0.11591,0.236237,0.153637,-0.408607,0.504199,-0.0553576,0.922428,-0.195883,-1.16173,-0.0251503,0.853913,0.832844,0.393683,0.777732,0.0582169,0.10873,0.534882,-0.0110335,-0.0704965,0.383958,0.324157,0.577659,0.466449,0.221051,-0.464567,0.770117,0.941638,-0.975938,0.729687,-1.03202,-0.471042,1.20031,0.00811046,0.0551035,-1.23211,0.895361,-0.506279,-0.277337,0.179399,-0.671044,0.572216,-0.054047,-0.889826,-0.203414,-0.0879926,-0.270199,-0.852367,-0.0663624,0.542306,-0.608976,-0.195118,-0.236164,-0.887794,0.178668,0.219906,-1.24777,0.431852,0.886608,1.01598,0.829849,-0.75778,-0.598633,-0.240298,0.00589783,0.23488,-0.186581,-0.364818,0.63705,0.642068,-0.651973,0.9619,-0.00971898,0.81898,0.803029,0.629009,0.275285,-0.904213,0.373117,-0.154788,0.547674,0.725982,0.518998,-0.557164,-0.253895,-1.32456,0.979934,0.0180695,0.178559,-0.039743,0.870863,0.597556,0.114317,1.04426,0.938,-0.682972,-0.180406,-0.783874,-1.44706,-0.29924,-1.2612
0.678297,-0.654658,0.0550215,0.564283,1.85478,-0.904084,1.11638,1.26865,1.30185,0.10435,1.06354,-0.203222,-0.142719,-0.188289,0.715831,1.90449,0.856202,-0.134045,-0.792204,1.08972,0.559821,-0.178445,-0.310112,0.547968,1.18819,-0.85113,0.0980923,0.00420384,-0.952083,-1.13994,0.493534,-0.0571285,0.146444,1.15711,0.125338,1.36998,-0.796426,1.21899,-0.628779,0.185562,0.535136,-0.415529,0.265432,1.12161,-0.28085,-1.18815,1.3207,-1.18655,0.483536,0.6705,1.37747,-0.0916845,-0.676617,0.251911,-0.213601,0.509765,-0.662872,-1.06111,0.262365,-0.936706,-0.346558,-0.922828,-1.2663,-1.05345,1.09176,-1.70328,0.634912,-0.596413,0.808179,1.42537,-0.377179,0.319438,-0.203894,0.00969049,-0.595126,-0.063711,0.00199009,-0.507766,-0.010114,-1.66351,1.3195,0.812196,-0.153346,-0.0996311,0.393163,0.607572,1.17584,1.02278,0.695862,1.14671,0.468197,-0.959753,1.15876,0.379845,-0.758805,1.14832,0.235943,-0.208411,0.785666,1.00876,-1.2426,1.58286,-0.0743531,-0.740946
0.47351,-0.387867,0.383991,1.06126,0.433035,-0.733906,1.15401,-0.219146,0.163603,-0.57453,-0.454495,-0.81036,-0.548352,-0.128914,-0.0352834,-2.52175,0.713294,-1.0905,-1.11374,0.77982,1.19608,1.81572,-0.813298,0.203209,-1.14715,-0.562905,1.71082,-0.909105,2.19784,-0.543822,0.168997,0.223977,-1.12186,0.464697,0.31204,0.492733,2.62365,1.04652,1.25913,-0.456585,0.0162251,-0.707895,-1.34369,0.734165,-0.298474,0.700218,-1.485,-0.18071,0.0419272,-0.87099,0.744373,0.645693,0.252559,-0.427726,0.0868583,0.299632,0.2594,-1.11529,1.24861,-0.172996,-0.25252,1.1281,-0.507883,-0.713761,-0.715793,0.492169,1.70032,-0.828081,-1.02299,-0.283305,-1.05519,0.640507,-0.360668,0.359737,-1.44212,-1.25691,1.5604,-0.817165,0.172784,0.580182,-0.452455,0.54963,-0.575581,1.1341,-2.11571,0.726956,-1.87463,0.11342,-0.951277,-0.204614,-0.558401,1.0539,-0.117729,-1.69497,-1.25398,1.34403,-1.37925,1.21984,-0.125612,0.16318,0.0519358,-1.19112,0.0190495,-0.598196
-0.707806,0.374526,-1.21774,0.607238,0.487277,0.698241,0.504337,0.917271,1.01894,0.387332,-1.18703,1.02052,1.23225,0.717142,0.758391,0.365511,-0.746182,-0.204454,0.0754488,-0.0672036,-0.524548,0.297619,0.100026,1.40465,1.92006,1.05627,0.207729,1.099,0.594928,0.732758,0.84036,-0.604785,0.353188,-0.0596545,0.446313,0.364903,1.48581,0.00440189,0.202135,-1.802,-1.00631,0.12539,-0.391092,-2.08079,0.0507917,-0.701905,-0.842875,0.0285997,-0.796092,-0.899701,-0.519384,-0.0906208,-0.684777,-0.573586,-1.34285,-0.852707,0.357209,0.263845,1.47512,-1.15171,-1.20788,-0.19217,-0.224291,-0.867742,1.03663,1.47248,0.473654,0.317436,0.938134,0.685065,0.540204,0.495347,-1.13218,1.21316,1.44145,0.381818,1.73148,1.51263,-1.26797,1.15807,0.0400753,0.856247,-0.985427,-0.293949,-0.865888,-0.88556,0.00624274,-0.891181,0.205641,-0.164006,0.116465,0.616938,0.0789629,-0.9161,0.669119,-1.06635,-0.445586,-0.51845,-1.20711,0.601336,-0.813202,0.107193,0.228681,1.06385
-0.0304783,-0.942538,-0.191028,-0.344104,1.25004,-1.31564,0.0261887,0.0625449,0.298696,-0.816689,-0.482513,0.638909,0.19013,-0.984522,0.201381,0.132531,-0.265553,-1.75334,1.09853,2.61757,-0.681266,1.29183,0.689882,-0.228751,1.88457,1.28873,-1.311,-1.05811,-0.989897,0.893729,0.00102034,1.52412,0.389346,0.107348,-0.279333,-0.97084,-0.764592,-0.216102,-0.969968,-1.27766,-0.877586,0.199454,-0.84803,1.12765,-1.05948,0.503568,-0.592047,-0.0691085,0.521318,-0.553173,0.562782,-0.353632,0.0698973,0.246692,0.703622,1.02174,0.730479,0.47231,-0.962675,0.5948,0.676794,1.42603,0.28862,-1.33426,0.24583,-0.2242,-0.484718,-0.871998,-1.39367,0.192131,0.422277,0.563668,0.611036,0.81812,-1.38387,0.291666,0.274192,1.55494,-0.333821,-0.216164,-0.102789,-0.558811,-0.489565,-1.0499,0.420299,0.706396,-0.101234,-0.531719,-0.870991,0.506422,-0.338654,-0.944294,0.0118722,-0.218219,-0.0847369,-0.854898,0.330392,-0.985729,-1.03912,0.720304,-1.41305,-0.851603,2.45955,-1.01621
-0.565652,0.640712,-0.0175783,-0.534338,-0.999849,-2.01508,-1.01345,0.73012,0.0774123,-0.391161,-0.643808,0.853101,-1.17155,-0.617132,1.66795,0.353601,1.85047,0.380599,-0.860475,-0.444614,1.22849,0.906758,0.775997,0.487737,-0.366991,1.00152,0.558887,-0.0430609,0.97029,0.457969,1.57625,0.480692,1.21966,-0.188607,0.0492012,1.17062,1.51464,0.0675737,0.151519,0.020141,1.44177,0.0358913,0.465406,1.38021,-0.826155,-0.0428928,0.960427,1.82341,-1.09226,2.03894,0.863697,0.197426,-1.08485,1.31928,-0.906588,1.38774,-0.0587628,1.22695,1.64581,-0.146092,0.00474264,0.332379,0.524985,1.03878,-0.0291155,-0.514044,0.483273,0.484408,0.304006,-0.857217,0.242261,-0.939708,-0.520491,0.879076,-0.0898562,-1.24708,-1.02836,-0.826239,-0.0283093,1.58617,-2.06672,-0.791803,-1.04979,2.00343,-0.0320791,0.575614,-0.718959,1.82606,-0.119884,1.29423,1.19304,-0.465072,0.517261,0.241646,0.421613,-0.430346,-0.161265,-0.592846,-0.540898,-1.20443,0.641054,-1.70238,0.137885,-0.309472
-0.418393,0.309605,1.50194,0.463523,-0.265559,-1.38726,-0.974623,-1.73253,-2.03329,0.89704,0.918641,1.2595,-0.157361,0.80618,-0.136931,-0.243703,0.150921,-1.0113,-1.62791,2.32786,1.43778,-0.348982,0.875819,0.58873,1.3565,-0.137137,0.241573,-0.0657079,0.542997,-1.52958,-1.36794,-1.54433,0.309055,-0.551445,0.546492,0.767303,0.786911,0.596112,0.429976,-0.654897,-1.09046,-0.145293,2.65937,1.27972,-0.613112,1.30316,0.901562,1.518,-0.220619,1.23379,-0.613766,-1.32701,-0.888085,2.36225,0.446699,-0.592519,-1.67979,0.677635,1.10604,-0.119888,0.476926,0.469222,-2.25412,1.5838,1.22679,-0.590839,0.53302,-0.398301,3.39246,1.64887,0.564064,0.412499,-0.999764,-0.829272,-0.0816945,1.82191,-0.768384,-1.05459,-1.0242,2.71945,0.997924,1.06947,-0.415422,-0.378955,-1.60007,0.415262,0.428553,-1.07984,-1.8445,0.0092503,-0.501508,2.13874,0.142322,-0.0172419,-1.05212,-0.152639,-1.6333,-1.55154,0.756689,1.13284,-1.33026,2.05088,1.75576,-0.631587
-0.644454,1.7369,-0.545411,0.781684,-0.375589,1.23607,-0.580715,0.496115,0.0661894,-0.0751303,-1.39326,1.18318,0.00653535,0.479795,-0.210128,-0.759263,1.21489,0.576033,0.60482,-1.24346,-0.221046,-0.70035,0.315745,0.974478,0.932274,1.21694,0.845428,1.53268,1.11817,0.12213,-0.540633,1.15891,-0.0512317,-0.477336,1.32949,0.103446,1.28954,-0.296457,-0.0258379,-1.07223,-0.733017,1.32884,0.625661,0.563478,-0.441406,-0.263964,0.21576,1.42547,0.365173,0.0794781,-0.344682,0.750869,0.0314448,-1.63791,0.0445663,1.53779,0.498136,0.550708,-0.835135,0.468683,-0.543949,0.458236,-0.583896,1.44788,-0.258198,-0.215521,0.754325,-0.290766,-0.45811,-1.18272,-1.41878,1.19326,2.37323,-1.88041,-1.75596,-1.15694,0.434838,1.39356,-0.32976,1.01761,-0.251308,1.31718,-1.59061,0.639044,1.18848,-0.179044,-0.359665,0.646602,0.825143,-1.01269,1.00321,0.668703,0.938278,0.578119,2.1121,0.527882,-0.4885,-0.288897,0.0943728,-1.34464,0.317188,0.356829,-0.893017,0.664119
-0.249238,0.39578,0.29832,1.25622,0.568116,-0.386569,0.125337,-1.03742,0.533247,-1.07487,-1.2803,1.50354,-0.772782,-1.26654,-1.40796,-1.96125,-0.33672,0.502298,-0.423975,-0.0349584,1.93734,1.34223,1.52118,-1.65062,0.0628135,-1.53977,1.48945,-0.174894,-0.809514,0.0430305,1.43363,0.46133,0.528249,0.610384,0.11125,1.46412,-1.23791,0.772014,1.51422,1.5577,0.734636,0.552136,0.83184,0.522971,-0.369241,0.519113,0.570118,-0.192993,0.15243,0.762624,0.466803,-0.727278,-0.156793,0.815703,0.956298,-1.12423,-0.560361,0.398072,0.386285,1.30758,-0.187678,1.47943,0.981248,0.870691,-0.250438,-0.596431,-2.05515,-0.274108,0.0292343,-0.83633,-0.7429,0.655417,0.746342,-0.800438,-0.939806,0.430406,-0.181773,0.740548,0.67205,0.469258,0.471809,-0.219204,0.353155,-0.0210148,-0.751734,-0.77276,0.834234,0.82102,-0.837963,-1.10958,0.663617,0.933985,0.405909,-0.500167,-1.55622,0.601801,-0.302758,-0.433371,-0.0934575,1.17017,0.393498,2.19298,-0.494426,0.572099
0.759239,0.569064,0.197159,1.11748,0.340783,-0.33657,-0.767386,-0.164547,0.247926,-0.635669,1.08815,-0.629665,-0.998568,-1.23895,0.648265,-1.91737,0.15062,-0.128866,0.574543,-0.245304,0.746768,0.183847,-1.10237,-0.947622,1.06731,-0.901268,-0.258359,-0.225928,-0.454221,-0.194604,0.552823,0.488622,0.960988,-0.870375,1.2693,0.672272,-0.21534,-0.667984,0.671194,0.803944,0.0942425,0.280413,0.686326,-0.188752,0.146132,-1.55723,-1.68614,-0.517315,-0.550788,-0.168327,-0.433661,-0.977811,0.522781,-0.312735,-0.665865,-0.937448,0.452826,0.128827,-1.15805,-1.24489,-0.545878,-0.419737,1.23349,0.648677,-1.03734,0.315895,1.19722,0.130774,-0.931699,-0.546893,-0.262875,-1.61657,-1.20264,0.237299,-0.373692,-1.48837,-2.22649,1.02085,0.280331,-1.56074,-0.112816,-1.47867,1.5474,-0.169596,0.481331,-0.0351329,-0.602925,0.217768,0.153985,-1.30098,0.202916,-0.0233012,0.0578203,1.05022,-0.285229,-0.501165,2.16845,1.52207,-0.717265,0.193755,0.911658,-1.02711,1.31015,-0.71057
-0.422676,0.144455,0.93155,-0.758914,-0.639856,0.440619,-0.328916,-0.620891,-1.94871,-2.68588,0.137389,0.933175,0.809308,0.0641746,-0.438957,0.390711,-0.399791,-0.0245931,-0.235969,-1.70277,0.825894,0.0648622,0.386245,-0.91601,-0.119668,1.84587,0.783232,-0.118988,0.148496,-0.416686,-0.354494,0.65576,0.677554,0.136347,-0.539555,-0.689904,0.0431024,-0.782283,0.0572008,-0.363655,-0.381536,0.557753,0.358323,1.66923,0.601328,-0.744574,0.0775971,-0.299266,1.15747,-1.41854,-0.702889,-0.424989,-0.537536,-0.110006,1.3885,-0.433258,-0.0687384,-0.0626811,1.10604,1.07056,-0.779886,-0.937665,-0.489322,-0.162632,0.995291,-0.123433,0.547544,-0.177882,-0.53762,0.630684,0.022088,-0.619466,0.693697,-0.495641,0.145301,0.216558,1.22435,-0.575365,1.32857,0.811179,-0.276577,-1.65064,-0.592512,-0.096277,0.531294,-1.27816,-0.847683,0.139486,0.783007,0.567971,0.50387,-0.0944918,-0.556104,0.197906,-0.631154,0.826084,-1.01214,-0.371883,0.0674268,0.836296,-0.851902,0.137198,1.16758,-2.76483
0.534756,0.4206,0.496192,-0.730809,-0.486193,-0.529332,0.347497,0.900289,-1.63437,-0.171333,2.87277,-0.119562,0.955656,0.548088,-0.95513,-0.311506,1.84846,1.40406,-0.873946,2.07357,0.845185,-1.12498,0.804994,-1.42478,0.60941,0.763531,1.13473,-2.04792,0.382174,-0.137288,-0.468495,-0.121246,-0.675516,0.277192,-1.25512,-0.382912,0.4168,-0.654769,-0.435637,-2.54028,-0.420448,-0.26942,0.752775,1.04634,0.69726,0.803096,-1.09057,0.407491,-0.72088,0.211742,0.608606,0.381651,0.825897,-0.472616,0.0440219,1.20071,0.926882,0.837051,-0.608665,1.23477,1.20745,-0.926982,-0.0755532,-1.42869,-0.587268,-0.138796,0.16715,-0.941364,0.432335,0.154679,1.01426,-0.159566,-0.516121,-0.382439,-1.05373,-1.04281,-0.132023,-1.44305,-0.553781,-0.0535035,0.667471,-0.0441007,0.850426,0.387706,1.1548,0.321095,-1.70747,-1.77846,-0.40577,-0.151564,1.41674,0.307718,-1.64049,-0.350247,-2.28789,-1.73512,-1.6927,0.555662,-0.279645,-0.329419,-2.214,-2.76612,-0.292818,1.49424
-1.56001,0.182923,-0.506355,1.09181,1.10943,0.189077,-0.518983,-1.39394,0.51699,-0.947383,1.67905,-1.00256,0.0413356,2.27433,-1.42305,0.152951,2.02646,-0.916714,0.549179,-0.855798,-0.257051,-1.32852,0.243378,0.860399,0.352649,-0.248002,-1.35713,-0.732372,0.318033,-0.537609,-1.41489,2.26811,1.38412,1.11661,-0.265891,-1.33118,-0.345178,-0.918068,-0.292099,-0.877875,-0.103037,-0.109846,-0.31432,-1.50506,0.493094,-0.249166,1.35299,-0.80099,-1.96439,0.321841,-0.0271978,-0.554717,0.957841,2.75803,-1.08425,-1.39288,0.868768,0.393796,-2.33713,-0.80837,-0.774632,-0.212235,-0.733657,-1.42261,2.29267,-1.91078,0.0192614,1.10252,0.227304,-1.17942,-0.832204,-1.20327,-1.25645,-1.55868,-0.830767,1.66795,2.05601,0.594948,-0.685258,-1.24969,1.04911,1.95768,2.44442,2.01981,0.27493,1.51445,0.467307,-0.253007,-1.62193,2.12185,0.265255,-2.06391,0.068327,-0.0151118,1.17966,1.48317,-0.3528,-0.276057,-1.54141,0.186497,-0.0307573,-0.244554,-0.825268,-0.121158
1.63891,0.853443,-0.675729,-0.217819,0.507415,-0.0705282,-0.55195,-1.66288,-1.43376,-1.38871,-1.14448,2.58407,-0.572423,-1.3515,-1.23947,-0.576613,-0.551291,-0.611614,-2.45171,-2.63826,-1.0632,-0.458573,-1.03063,-0.02095,-0.799408,-0.378684,1.23,-1.06114,-1.73724,1.0567,-1.12953,0.239537,-0.249481,0.428261,-0.625823,1.7376,-1.40831,-0.282703,-1.05242,-0.830092,0.820899,-0.786903,1.15836,-2.28949,1.18532,0.503031,0.806515,-0.307058,0.0368497,-0.169617,0.896652,1.06561,0.157767,0.9931,-1.69414,1.24297,1.04446,0.203508,-0.520929,0.999699,1.50826,1.18975,1.75505,0.94445,-0.0205105,-0.426255,0.963726,-0.29912,-0.14826,-1.50341,2.71511,1.27244,0.432784,-0.258943,-0.049278,-1.02333,-0.0540361,0.338276,-0.374493,-2.36298,-0.902732,0.991743,-0.322321,0.00534456,1.09655,-0.761973,0.449701,0.827971,1.05311,-0.0453982,0.763758,-2.10845,1.13939,1.57877,-0.858347,0.83058,0.22262,-0.352466,0.347508,-1.66069,-3.47905,1.61773,2.60886,-1.78879
-0.0425559,0.282772,-1.43631,-0.368928,-0.0365487,-0.577631,1.47622,-1.17008,0.245425,-0.254287,0.547126,0.853994,-0.663987,0.554566,-0.467287,-0.992744,1.84653,0.410698,-0.274483,0.346094,0.874135,1.39748,-0.1816,0.631144,0.345228,1.46583,-0.469292,-0.284876,-0.0541677,-0.23463,1.80732,1.58896,-0.267459,-0.680421,0.42503,0.736487,-0.800241,0.399916,0.00380263,-1.82038,1.59184,0.848044,-0.0237523,0.699765,0.640276,-0.284188,-0.0802114,-0.680723,-1.16153,-2.28994,1.44174,0.866276,-0.12017,1.25102,0.401357,-0.680452,0.339951,-0.473344,-2.03961,-0.945816,2.28161,0.306195,-0.97634,-0.157525,0.782965,-1.32389,0.26525,-1.1073,-1.50338,-1.70713,2.18139,0.879654,0.374362,0.663299,-0.348335,0.606901,-0.490129,-0.113915,-1.48465,-0.715331,-1.08345,0.145693,2.35499,-0.127884,-0.322463,-0.294908,1.69655,1.26859,-0.093481,-1.60269,-0.761799,-0.246503,1.76397,-0.452607,1.8676,0.478169,1.43315,0.344203,-0.24237,0.61662,-2.45794,-1.45741,2.19054,1.23841
0.288063,-0.902332,-1.13403,0.00138452,-0.518888,1.33829,-0.481118,-0.535061,0.280264,0.520064,0.0614628,1.20542,-0.508388,-0.544283,-1.06938,3.10927,-0.295308,0.331246,-0.556595,-1.2387,0.043311,1.19319,0.57399,-1.19569,-0.235881,1.43791,0.0432796,0.979704,-1.38232,-0.764044,0.725929,1.60894,0.16629,-0.566869,-1.82674,-0.899448,0.457486,0.19783,-0.949689,-0.722605,-0.576766,0.88881,-0.42351,0.81154,-0.363971,-0.0695222,2.04082,1.16001,-0.8524,0.5455,-0.643164,2.03139,-0.698823,-0.182564,0.631665,-1.12259,-1.47335,-0.875833,0.285023,1.58977,0.652584,-0.418623,-0.283364,-0.825661,-2.73804,-0.997822,-0.62088,1.68499,-0.0443187,-0.194899,-1.02494,0.189247,0.668048,1.42819,0.0575528,-0.406813,0.551623,-1.11201,-0.499438,-0.648804,1.10251,-1.12721,-0.034173,-1.0061,-0.192005,-0.235889,-0.580323,1.43347,0.567797,0.362991,-0.134951,0.713361,1.08587,-0.11055,-0.633186,-0.192963,-1.16149,-0.0742086,0.730815,1.34547,-0.612721,2.61137,1.39718,0.225526
1.18918,-0.194857,0.584111,-0.321779,1.29991,1.4477,0.202313,0.492031,0.00463855,0.470068,-1.46536,-0.295817,0.810516,0.636077,0.90009,0.302013,0.496202,-0.736868,0.11818,1.30684,0.00734302,0.221177,0.16971,-0.222377,-1.17659,-0.161968,0.114691,-1.30479,-0.445219,-1.31571,-0.567581,0.933189,1.46546,0.874153,0.354864,-0.803633,-1.11704,-1.25821,-0.262182,0.492255,-0.643538,1.48065,1.26026,0.985304,1.37169,0.0581764,-0.706612,-1.80453,-1.56326,0.185219,-0.0402595,1.19865,0.130517,1.9038,1.5698,0.0425388,-0.368797,-1.36487,-1.07794,-2.39902,1.27853,0.383139,-0.105979,0.298736,1.41446,0.268218,-0.22351,-1.4724,-0.335265,-1.90574,-0.0475278,-1.45789,-0.532332,-1.41476,-0.348066,0.9062,0.99201,0.674204,-0.829226,-0.300812,-0.10462,1.10338,1.05196,0.166669,-0.178145,-1.2434,2.30874,-0.607033,-1.10701,-0.76484,2.30042,1.21167,0.999153,0.249294,-0.532915,0.852368,0.228974,1.21711,0.808862,-0.403872,-2.84764,-2.57056,3.09075,-0.90644
1.01964,-1.56711,4.3759,1.4516,-5.56932,0.442465,1.24354,-6.38241,-1.24725,1.78057,-3.88464,2.04886,0.674708,-2.91383,3.10593,-3.12474,-1.12501,0.836659,0.653627,0.535483,-4.76376,-2.18123,0.275057,-1.256,-2.06342,-1.07332,-1.18469,3.09335,-4.31896,-2.49021,2.50186,-2.41925,0.0807178,0.0272837,-3.99163,-1.09217,4.85977,-2.82838,2.94719,-2.56204,-0.886798,0.125032,-1.74958,-4.94186,2.22905,1.41787,0.0517252,2.2634,3.33652,-4.14411,-0.0108672,2.60645,1.18418,0.120461,1.92439,-3.43608,0.808302,0.509604,2.1396,-1.72375,-2.61621,1.24394,1.32928,-2.50511,1.5908,0.132737,2.83884,2.92107,3.42474,-4.18051,2.04242,-1.84192,3.68536,-2.85751,-2.17655,0.339129,-0.98318,1.89225,-2.99545,-2.73429,0.319976,2.8931,2.49987,2.00608,-1.35224,0.0696347,-1.62995,-2.03929,2.12398,-2.45655,-2.82387,-4.40965,-1.43176,-2.96647,3.39314,-1.86464,-1.31429,2.72949,3.31776,3.62969
-0.55185,2.27365,-1.91027,1.93135,1.02088,-0.288913,-0.181478,-2.19503,2.13629,0.549056,0.135461,-2.44284,3.79283,-0.421508,-3.79122,1.45255,1.25856,-4.4891,2.29564,-3.96833,-1.58262,2.22358,-2.48285,2.778,3.8809,1.42225,0.915614,-0.905217,1.737,0.955594,-0.312954,-2.35546,-1.70907,3.19479,-0.0169874,0.0128187,-1.42273,4.28885,-1.41459,0.271257,-1.72443,-2.3143,3.14551,-0.760427,-1.586,-1.34303,-3.08143,-2.68945,-3.47125,0.136452,3.04573,-2.21986,3.05378,0.833841,3.41032,-3.04964,1.5044,2.09315,0.357657,2.57789,4.68817,-0.684201,-0.856777,2.17427,3.03392,1.75928,-3.05226,0.134826,-2.51943,2.67248,2.66586,2.73685,1.23819,-1.83196,-1.57874,-2.40422,2.26582,-1.38048,-1.87182,2.91693,-1.2194,-2.83106,-3.0838,-0.250425,-3.21288,0.710554,0.937254,-1.39742,-1.07454,-2.76623,1.90064,-0.817255,-2.48664,-1.66372,-4.62046,1.94289,-4.33309,-2.02767,-3.05943,-1.50693
-2.40808,-3.32247,-1.18976,0.0501302,-2.93881,2.30318,2.1371,-3.73937,-2.61341,-1.5154,0.471144,3.18399,-1.89425,-0.746721,1.40996,-2.12003,-3.51217,1.60582,0.0965751,2.07552,3.44026,-1.81422,-2.46897,-1.74196,1.03813,-1.97698,2.14126,0.907179,0.423133,-0.898395,0.705971,1.06397,-1.63081,0.304808,-0.524006,1.98478,0.538233,-3.77377,-3.8077,-2.68593,0.644487,-1.26648,0.286802,1.1652,2.11077,1.29121,3.01357,1.27097,-4.44058,0.513104,-4.62683,1.73447,-3.62146,-2.22299,-3.70673,3.54,-2.82687,1.03139,-4.13154,-2.79586,-2.94378,2.26868,0.436237,2.38885,-1.92903,-1.16559,2.1225,-0.90118,1.61264,-0.681886,0.595862,0.385064,0.575204,-0.782904,2.31972,-0.327319,-2.65976,-2.81888,2.95852,-0.0130522,3.37855,0.495431,0.80686,-0.0342343,1.62642,-2.63854,-1.24297,2.94942,-3.0197,4.07888,-1.41792,3.68977,0.893084,2.03293,-0.848927,-3.04439,2.46815,2.52166,0.00214759,-5.01803
-6.61547,2.83897,-0.665594,-2.20647,-1.76218,-2.38699,1.25581,2.91269,0.55127,2.66245,3.52936,-3.59117,-3.50766,3.62943,-2.72268,0.968221,2.98312,2.17995,-1.18768,-1.17066,-2.75448,2.14519,1.53146,-1.72836,5.56914,-3.15806,-4.00973,-3.1557,0.812215,0.930047,-3.63214,1.14912,2.5804,-3.20447,4.73278,0.182252,-1.94071,2.63493,0.262278,0.0572593,-3.68622,2.14628,-1.51767,1.97913,-3.03296,-3.42386,0.272667,0.390642,5.43634,-2.28946,1.13747,-3.26376,0.203488,-0.824434,-0.419278,-1.74667,-0.445154,-3.70516,0.788919,1.27036,0.879378,-2.14964,-3.93065,-2.48167,-2.84088,-1.25539,-2.24536,-1.02061,-2.18796,1.56882,-2.37968,-0.0164681,-3.74486,2.48812,0.580455,3.1027,1.68073,2.16749,2.38587,0.449871,-1.1331,0.0769661,-2.48179,-0.79788,1.75343,2.68668,2.22321,-1.00207,0.806897,0.817902,1.24852,2.12273,2.3344,0.550944,0.0925658,2.70232,1.37039,0.3721,-0.223939,-2.28381
-0.948895,-0.939544,-0.818572,0.240843,-2.55051,-0.686815,0.460078,-1.81372,-0.925553,-1.05559,-0.796739,0.862878,0.0891286,-0.132443,-1.34653,-0.0883392,0.666929,2.60949,0.188423,-2.23956,-1.38557,-0.982575,-1.82729,-0.00316634,1.32081,-0.800271,0.944332,-0.395263,1.02244,-0.341593,-0.693909,-0.727834,-0.0652999,-1.07522,0.0914993,-0.594439,1.65463,1.82582,-0.0399038,-1.53485,-1.89945,-1.02478,-0.0768663,-2.74436,-0.307088,0.221687,0.870123,-0.237795,1.01511,-1.77787,-0.347406,0.309725,-0.36897,-0.366761,0.983722,-2.1613,-1.40951,1.4117,-0.285506,-0.213991,-2.21963,0.0177119,1.24723,0.669292,-0.64384,-1.15693,-1.83498,-0.502075,2.50409,-1.25127,0.99115,0.39663,-0.00195059,-0.278618,-0.395314,0.38551,-1.02998,-1.15559,0.203968,0.171251,-0.349306,-0.756963,-2.00666,-0.731986,-1.60904,-0.215245,0.363036,-1.11207,0.459311,0.0091008,-2.01201,2.27332,0.534918,-1.15225,-1.48524,0.964072,-0.236049,1.60197,-0.242286,-1.89772
0.232588,-0.220092,-0.219446,-0.204355